Rank,Stocks (5218),Sub-Sector,?Market Cap,Alpha,Beta,5Y CAGR,Debt to Equity,EPS (Q),PE Ratio,PB Ratio,,,,,,,,,
1,RELIANCE,Oil & Gas - Refining & Marketing,"16,61,978.38",-3.41,1,12.73,0.5,13.7,23.87,1.8,,,,,,,,,
2,TCS,IT Services & Consulting,"13,69,807.93",-3.56,0.62,11.91,0.09,34.21,29.84,15,,,,,,,,,
3,HDFCBANK,Private Banks,"12,94,876.75",-5.08,1.1,6.82,0,23.11,20.21,2.76,,,,,,,,,
4,BHARTIARTL,Telecom Services,"9,80,604.56",21.97,0.65,25.07,2.04,25.54,131.33,9.29,,,,,,,,,
5,ICICIBANK,Private Banks,"8,70,827.45",7.18,1.27,17.65,0,18.26,19.68,3.22,,,,,,,,,
6,INFY,IT Services & Consulting,"7,51,872.22",-5.02,0.82,17.89,0.09,16.43,28.66,8.5,,,,,,,,,
7,SBIN,Public Banks,"6,44,357.57",3.53,1.3,17.12,0,21.12,9.61,1.5,,,,,,,,,
8,HINDUNILVR,FMCG - Household Products,"5,26,696.13",-4.06,0.32,-0.06,0.03,12.7,51.25,10.24,,,,,,,,,
9,BAJFINANCE,Consumer Finance,"5,19,990.67",-3.94,1.88,11.46,3.82,68.63,35.98,6.78,,,,,,,,,
10,ITC,FMCG - Tobacco,"5,01,625.30",18.4,0.62,15.36,0,3.74,24.52,6.7,,,,,,,,,
11,LICI,Insurance,"4,93,919.07",-7.69,-,-,0,17.4,12.07,5.96,,,,,,,,,
12,HCLTECH,IT Services & Consulting,"4,60,935.50",7.99,0.9,22.84,0.08,16.94,29.36,6.75,,,,,,,,,
13,LT,Construction & Engineering,"4,55,884.27",11.45,1.1,20.95,1.13,24.43,34.91,4.45,,,,,,,,,
14,SUNPHARMA,Pharmaceuticals,"3,94,390.69",18.17,0.75,32.34,0.05,12.1,41.18,5.88,,,,,,,,,
15,KOTAKBANK,Private Banks,"3,88,303.48",-5.24,0.94,2.98,0,23.64,21.32,2.99,,,,,,,,,
16,MARUTI,Four Wheelers,"3,87,452.44",6.61,0.88,12.77,0,118.54,28.73,4.52,,,,,,,,,
17,ULTRACEMCO,Cement,"3,21,504.85",6.88,0.92,20.3,0.19,50.99,45.9,5.33,,,,,,,,,
18,WIPRO,IT Services & Consulting,"3,20,430.15",-5.15,0.59,20.05,0.22,3.21,29.01,4.29,,,,,,,,,
19,M&M,Four Wheelers,"3,20,102.93",30.1,1.26,38.44,1.34,28.51,28.41,4.02,,,,,,,,,
20,NTPC,Power Generation,"3,16,353.73",23.83,0.88,23.99,1.44,5.22,15.2,1.92,,,,,,,,,
21,AXISBANK,Private Banks,"3,12,401.13",-0.18,1.51,6.27,0,21.79,11.84,1.98,,,,,,,,,
22,ONGC,Oil & Gas - Exploration & Production,"3,01,800.90",10.69,0.98,18.47,0.42,6.85,6.13,0.83,,,,,,,,,
23,BAJAJFINSV,Insurance,"2,99,722.47",-4.29,1.93,14.12,2.78,14,36.79,2.89,,,,,,,,,
24,TITAN,"Precious Metals, Jewellery & Watches","2,82,071.52",-1.06,1.1,19.17,1.65,11.8,80.68,30.03,,,,,,,,,
25,TATAMOTORS,Four Wheelers,"2,47,817.66",3.37,1.65,33.54,1.15,14.81,7.89,2.66,,,,,,,,,
26,ADANIENT,Commodities Trading,"2,46,198.29",10.92,1.42,52.5,1.48,0.04,76,5.57,,,,,,,,,
27,POWERGRID,Power Transmission & Distribution,"2,43,582.81",14.89,0.66,19.73,1.42,4.15,15.64,2.8,,,,,,,,,
28,JSWSTEEL,Iron & Steel,"2,39,578.03",8.51,1.25,28.36,1.1,2.94,27.19,3,,,,,,,,,
29,BAJAJ-AUTO,Two Wheelers,"2,37,537.92",24.01,1.09,22.64,0.07,78.7,30.82,8.2,,,,,,,,,
30,DMART,Retail - Department Stores,"2,34,049.16",-12.71,0.77,7.87,0.03,11.12,92.28,12.52,,,,,,,,,
31,ADANIPORTS,Ports,"2,33,997.05",7.83,1.18,23.91,0.9,11.67,28.85,4.28,,,,,,,,,
32,COALINDIA,Mining - Coal,"2,27,990.13",22.7,0.8,15.58,0.08,13.8,6.1,2.73,,,,,,,,,
33,HAL,Aerospace & Defense Equipments,"2,25,276.86",47.14,1.15,55.7,0,21.53,29.56,7.73,,,,,,,,,
34,ASIANPAINT,Paints,"2,16,440.06",-18.2,0.75,4.15,0.13,11.58,39.64,11.14,,,,,,,,,
35,NESTLEIND,FMCG - Foods,"2,13,555.99",2.12,0.41,6.02,0.1,7.14,54.3,63.92,,,,,,,,,
36,ZOMATO,Online Services,"2,08,820.57",34.03,1.05,-,0.04,0.07,594.93,10.23,,,,,,,,,
37,BEL,Electronic Equipments,"1,87,203.44",37.86,0.63,54.76,0,1.79,46.98,11.45,,,,,,,,,
38,ADANIPOWER,Power Generation,"1,84,612.38",46.9,1.15,52.7,0.79,7.67,8.86,4.26,,,,,,,,,
39,HINDZINC,Mining - Diversified,"1,80,273.24",10.54,0.54,18.53,0.57,6.34,23.23,11.86,,,,,,,,,
40,TRENT,Retail - Apparel,"1,79,457.18",45.65,1.24,45.43,0.43,13.99,120.7,43.74,,,,,,,,,
41,TATASTEEL,Iron & Steel,"1,75,718.19",-1.74,1.42,25.98,0.94,0.26,-39.6,1.9,,,,,,,,,
42,SIEMENS,Conglomerates,"1,75,259.36",18.45,0.79,28.35,0.02,17.26,64.51,11.41,,,,,,,,,
43,INDIGO,Airlines,"1,74,305.63",20.87,0.9,25.23,25.69,63.38,21.33,87.31,,,,,,,,,
44,IOC,Oil & Gas - Refining & Marketing,"1,71,332.99",9.16,0.95,10.14,0.7,1.54,4.11,0.91,,,,,,,,,
45,VEDL,Metals - Diversified,"1,71,161.60",-1.15,1.62,25.22,2.08,9.09,40.38,4.07,,,,,,,,,
46,DLF,Real Estate,"1,69,868.27",10.36,1.31,25.54,0.12,4.28,62.29,4.31,,,,,,,,,
47,GRASIM,Cement,"1,64,936.84",4.95,0.95,26.57,0.99,13.47,29.32,1.19,,,,,,,,,
48,IRFC,Specialized Finance,"1,63,500.08",61.26,0.92,-,8.38,1.25,25.5,3.32,,,,,,,,,
49,VBL,Soft Drinks,"1,61,529.79",42.38,1.29,45.68,0.77,0.56,62.26,22.8,,,,,,,,,
50,TECHM,IT Services & Consulting,"1,61,472.60",0.72,0.92,14.74,0.09,11.1,68.48,5.95,,,,,,,,,
51,LTIM,IT Services & Consulting,"1,56,955.91",-11.17,1.15,21.44,0.1,36.65,34.25,7.84,,,,,,,,,
52,DIVISLAB,Labs & Life Sciences Services,"1,52,831.59",10.19,0.59,21.56,0,22.2,95.52,11.26,,,,,,,,,
53,SBILIFE,Insurance,"1,49,856.57",5.82,1,9.99,0,5.5,79.13,10.05,,,,,,,,,
54,JIOFIN,Consumer Finance,"1,48,453.86",-,-,-,0,0.46,92.52,1.07,,,,,,,,,
55,HINDALCO,Metals - Aluminium,"1,46,161.44",-0.61,1.78,28.03,0.53,16.82,14.39,1.38,,,,,,,,,
56,HYUNDAI,Four Wheelers,"1,46,086.76",-,-,-,0.08,14.29,24.11,13.7,,,,,,,,,
57,PIDILITIND,Diversified Chemicals,"1,42,202.60",-2.23,0.69,12.16,0.04,10.86,82.23,16.5,,,,,,,,,
58,EICHERMOT,Trucks & Buses,"1,36,045.75",14.01,0.76,21.36,0.02,42.7,34,7.54,,,,,,,,,
59,BAJAJHLDNG,Asset Management,"1,35,865.45",23.92,1.31,27.1,0,157.1,18.7,2.16,,,,,,,,,
60,ADANIGREEN,Renewable Energy,"1,34,539.80",-15.4,1.32,34.24,3.72,2.92,122.31,7.71,,,,,,,,,
61,HDFCLIFE,Insurance,"1,34,059.33",1.61,0.83,1.66,0.06,1.96,85.17,9.14,,,,,,,,,
62,PFC,Specialized Finance,"1,28,604.97",42.14,1.11,29.79,6.42,17.66,6.51,0.96,,,,,,,,,
63,LODHA,Real Estate,"1,21,232.55",17.22,0.77,-,0.44,9.48,78.26,6.91,,,,,,,,,
64,CIPLA,Pharmaceuticals,"1,19,183.77",12.32,0.41,27.63,0.02,19.45,28.92,4.45,,,,,,,,,
65,AMBUJACEM,Cement,"1,18,710.24",10.46,0.76,18.6,0.01,8.59,33.19,2.33,,,,,,,,,
66,CHOLAFIN,Consumer Finance,"1,16,391.07",14.96,1.71,33.05,6.86,12.95,34.03,5.94,,,,,,,,,
67,BRITANNIA,FMCG - Foods,"1,16,385.15",7.48,0.63,9.57,0.52,24.15,54.39,29.35,,,,,,,,,
68,TATAPOWER,Power Transmission & Distribution,"1,14,137.53",6.18,1.24,47.25,1.4,3.22,30.88,2.98,,,,,,,,,
69,ABB,Heavy Electrical Equipments,"1,12,129.20",26.55,0.97,33.87,0.01,24.93,59.91,18.86,,,,,,,,,
70,TVSMOTOR,Two Wheelers,"1,10,373.77",34.06,0.64,39.1,3.46,11.91,65.45,14.69,,,,,,,,,
71,SHRIRAMFIN,Consumer Finance,"1,10,021.26",22.96,1.53,17.49,3.94,17.27,14.94,2.21,,,,,,,,,
72,BPCL,Oil & Gas - Refining & Marketing,"1,09,026.64",7.61,1.14,1.27,0.72,8.91,4.06,1.44,,,,,,,,,
73,BANKBARODA,Public Banks,"1,08,738.23",11.51,1.2,20.65,0,10.08,5.79,0.9,,,,,,,,,
74,PNB,Public Banks,"1,08,320.99",23.69,1.24,12.27,0,4.18,11.89,0.98,,,,,,,,,
75,GAIL,Gas Distribution,"1,07,969.38",15.71,1.35,15.6,0.28,6.21,10.91,1.4,,,,,,,,,
76,INDHOTEL,"Hotels, Resorts & Cruise Lines","1,07,832.11",36.39,1.18,41.03,0.27,4.09,85.64,10.65,,,,,,,,,
77,GODREJCP,FMCG - Personal Products,"1,07,640.90",6.57,0.48,10.77,0.26,4.87,-192.03,8.54,,,,,,,,,
78,RECLTD,Specialized Finance,"1,06,263.75",45.28,1.08,30.91,6.42,15.48,7.51,1.53,,,,,,,,,
79,TORNTPHARM,Pharmaceuticals,"1,02,865.41",24.7,0.56,22.11,0.59,14.88,62.1,15,,,,,,,,,
80,SHREECEM,Cement,"1,02,489.89",-2.27,0.82,3.08,0.08,53.61,42.78,4.94,,,,,,,,,
81,TATACONSUM,Tea & Coffee,"99,344.77",4.01,0.96,21.72,0.2,2.82,86.36,5.7,,,,,,,,,
82,MAXHEALTH,Hospitals & Diagnostic Centres,"98,210.65",32.09,0.73,-,0.15,2.46,92.86,11.68,,,,,,,,,
83,NAUKRI,Online Services,"97,512.82",6.04,1.26,21.55,0.01,18.75,169.53,3.08,,,,,,,,,
84,MANKIND,Pharmaceuticals,"96,037.97",-,-,-,0.02,9.45,50.21,10.03,,,,,,,,,
85,DRREDDY,Pharmaceuticals,"95,961.20",7.99,0.27,12.09,0.07,16.97,17.2,3.4,,,,,,,,,
86,HAVELLS,Electrical Components & Equipments,"95,313.95",2.15,0.93,19.54,0.04,4.43,75.01,12.8,,,,,,,,,
87,UNITDSPR,Alcoholic Beverages,"95,028.39",6.54,0.95,12.56,0.04,4.72,67.49,13.34,,,,,,,,,
88,BAJAJHFL,Consumer Finance,"94,557.78",-,-,-,5.65,0.66,54.62,7.73,,,,,,,,,
89,APOLLOHOSP,Hospitals & Diagnostic Centres,"90,836.68",5.25,1.08,28.54,0.73,25.89,101.09,12.41,,,,,,,,,
90,MOTHERSON,Auto Parts,"90,613.41",0.06,1.78,9.46,0.71,1.25,33.36,3.21,,,,,,,,,
91,CGPOWER,Heavy Electrical Equipments,"90,195.65",35.5,2.06,134.33,0.01,1.57,63.21,29.88,,,,,,,,,
92,DABUR,FMCG - Personal Products,"90,148.80",-8.91,0.52,0.1,0.13,2.95,48.92,8.75,,,,,,,,,
93,ZYDUSLIFE,Pharmaceuticals,"89,086.93",26.96,0.41,25.96,0.04,10.17,23.08,4.03,,,,,,,,,
94,JINDALSTEL,Iron & Steel,"89,072.00",20.59,1.51,35.41,0.37,9.39,15,1.99,,,,,,,,,
95,NTPCGREEN,Renewable Energy,"88,939.91",-,-,-,2.22,0.08,258.01,14.27,,,,,,,,,
96,MUTHOOTFIN,Consumer Finance,"88,807.83",10.48,1.29,19.37,2.65,35.36,20.54,3.45,,,,,,,,,
97,INDUSTOWER,Telecom Infrastructure,"88,716.65",11.3,0.78,8.26,0.76,15.18,14.7,3.28,,,,,,,,,
98,UNIONBANK,Public Banks,"88,305.55",28.86,1.04,21.22,0,6.06,6.4,0.9,,,,,,,,,
99,IOB,Public Banks,"88,104.14",29.06,0.99,38.95,0,0.46,33.05,3.2,,,,,,,,,
100,PERSISTENT,Software Services,"88,025.66",28.1,0.91,73.95,0.09,24.28,80.5,17.76,,,,,,,,,
101,POLYCAB,Electrical Components & Equipments,"87,847.03",26.78,0.88,38.69,0.02,30.42,49.24,10.66,,,,,,,,,
102,LUPIN,Pharmaceuticals,"86,975.61",28.31,0.69,22.19,0.2,18.75,45.43,6.05,,,,,,,,,
103,JSWENERGY,Power Generation,"86,664.89",11.1,1.03,51.05,1.5,0.96,50.31,4.12,,,,,,,,,
104,ICICIGI,Insurance,"85,859.97",6.12,0.9,5.19,0,14.63,44.75,7.03,,,,,,,,,
105,MAZDOCK,Shipbuilding,"85,494.37",94.08,1.57,-,0,20.01,44.14,13.69,,,,,,,,,
106,DIXON,Home Electronics & Appliances,"83,930.91",29.69,1.09,74.22,0.28,36.12,228.23,48.48,,,,,,,,,
107,ICICIPRULI,Insurance,"82,959.01",0.91,1.02,3.01,0.11,2.25,97.52,7.54,,,,,,,,,
108,SRF,Diversified Chemicals,"82,373.49",-2.02,1.19,27.24,0.44,9.15,61.67,7.18,,,,,,,,,
109,SWIGGY,Online Services,"81,651.62",-,-,-,0.11,-3.48,-34.74,10.48,,,,,,,,,
110,INDUSINDBK,Private Banks,"81,313.52",-6.63,2.33,-2.46,0,18.01,9.06,1.29,,,,,,,,,
111,HDFCAMC,Asset Management,"81,083.58",11.65,1.17,2.31,0,30.02,41.74,11.46,,,,,,,,,
112,MARICO,FMCG - Personal Products,"80,872.23",4.05,0.32,15.33,0.13,3.08,54.61,19.4,,,,,,,,,
113,BOSCHLTD,Auto Parts,"80,618.21",10.83,0.78,13.44,0,155.53,32.36,6.69,,,,,,,,,
114,ADANIENSOL,Power Infrastructure,"80,600.06",-26.1,1.96,15.58,2.71,4.85,70.87,5.88,,,,,,,,,
115,NHPC,Renewable Energy,"80,249.78",33.19,0.5,30.08,0.74,0.23,22.14,1.83,,,,,,,,,
116,SOLARINDS,Commodity Chemicals,"80,088.22",43.11,0.54,48.47,0.33,34.8,95.81,23.37,,,,,,,,,
117,SBICARD,Payment Infrastructure,"79,457.08",-6.01,0.71,-,3.3,4.03,33,6.58,,,,,,,,,
118,CANBK,Public Banks,"79,214.00",10.84,1.43,20.39,0,4.65,5.18,0.85,,,,,,,,,
119,CUMMINSIND,Industrial Machinery,"78,618.08",29.82,1.3,38.59,0.02,20.15,45.69,11.89,,,,,,,,,
120,IDBI,Private Banks,"78,589.31",13.81,1.58,16.17,0,1.81,13.58,1.53,,,,,,,,,
121,BSE,Stock Exchanges & Ratings,"77,947.00",73.09,1.16,101.87,0,16,100.14,22.56,,,,,,,,,
122,RVNL,Specialized Finance,"77,500.20",87.02,1.5,73.56,0.69,1.49,49.23,8.86,,,,,,,,,
123,HEROMOTOCO,Two Wheelers,"77,056.17",7.05,1,11.45,0.03,55.38,20.58,4.32,,,,,,,,,
124,SUZLON,Renewable Energy Equipment & Services,"75,299.69",63.7,1.62,89.63,0.04,0.28,114.03,19.21,,,,,,,,,
125,GMRAIRPORT,Construction & Engineering,"73,838.92",11.98,1.06,24.21,-,0.25,-132.03,-86.74,,,,,,,,,
126,OFSS,Software Services,"72,995.62",28.36,0.79,24.48,0.01,62.37,32.89,9.29,,,,,,,,,
127,POLICYBZR,Online Services,"71,569.10",28.46,-,-,0.04,1.57,"1,068.51",12.18,,,,,,,,,
128,INDIANB,Public Banks,"69,516.81",35.74,1.59,43.98,0,21.6,8.26,1.15,,,,,,,,,
129,HINDPETRO,Oil & Gas - Refining & Marketing,"68,728.67",15.83,0.91,16.85,1.42,11.95,4.29,1.46,,,,,,,,,
130,BHEL,Heavy Electrical Equipments,"68,391.21",39.86,1.51,41.11,0.36,0.39,242.33,2.8,,,,,,,,,
131,GICRE,Insurance,"67,588.26",39.72,1.15,12.85,0,9.56,10.11,1.22,,,,,,,,,
132,PATANJALI,Packaged Foods & Meats,"67,218.82",24.02,-0.63,107.18,0.1,10.24,87.85,6.59,,,,,,,,,
133,COLPAL,FMCG - Personal Products,"66,874.47",15.15,0.63,12.85,0.04,11.87,50.52,35.68,,,,,,,,,
134,BHARTIHEXA,Telecom Services,"65,902.50",-,-,-,1.75,5.22,130.66,14.21,,,,,,,,,
135,ASHOKLEY,Trucks & Buses,"65,346.54",14.5,1.12,21.43,3.45,2.59,26.31,5.53,,,,,,,,,
136,TORNTPOWER,Power Transmission & Distribution,"64,968.28",30.77,0.82,32.64,0.92,9.76,35.44,5.16,,,,,,,,,
137,WAAREEENER,Renewable Energy Equipment & Services,"64,946.11",-,-,-,0.13,18.41,52.49,15.66,,,,,,,,,
138,AUROPHARMA,Pharmaceuticals,"64,768.09",16.61,0.98,13.21,0.22,14.56,20.41,2.17,,,,,,,,,
139,ATGL,Gas Distribution,"63,981.45",-21.09,2.21,25.77,0.43,1.29,95.85,17.87,,,,,,,,,
140,OIL,Oil & Gas - Exploration & Production,"63,828.09",36.2,1.02,36.29,0.46,8.23,10.08,1.21,,,,,,,,,
141,LLOYDSME,Iron & Steel,"62,368.96",-,-,169.73,0.01,7.55,50.18,22.19,,,,,,,,,
142,ABBOTINDIA,Pharmaceuticals,"61,499.62",15.44,0.2,13.26,0.02,169.78,51.2,16.63,,,,,,,,,
143,GODREJPROP,Real Estate,"59,976.18",-0.87,1.74,12.36,1.04,5.7,82.69,5.82,,,,,,,,,
144,NMDC,Mining - Iron Ore,"59,546.98",17.05,0.75,14.11,0.13,2.14,10.69,2.32,,,,,,,,,
145,IRCTC,Online Services,"58,488.00",-11.97,1.48,13.63,0.02,4.26,52.64,18.11,,,,,,,,,
146,OBEROIRLTY,Real Estate,"57,514.60",11.87,1.23,25.02,0.18,17.01,29.85,4.15,,,,,,,,,
147,IDEA,Telecom Services,"57,400.00",-10.25,1.03,12.81,-,-0.95,-1.84,-0.55,,,,,,,,,
148,BERGEPAINT,Paints,"57,271.46",-11.93,0.7,0.58,0.14,2.53,49.04,10.63,,,,,,,,,
149,PHOENIXLTD,Real Estate,"56,751.51",32.63,1.06,29.99,0.37,7.41,51.63,4.58,,,,,,,,,
150,YESBANK,Private Banks,"56,217.25",7.11,0.98,-12.74,0,0.2,43.74,1.33,,,,,,,,,
151,ALKEM,Pharmaceuticals,"55,014.85",9.01,0.73,11.59,0.13,52.34,30.64,5.13,,,,,,,,,
152,LTTS,Software Services,"54,242.18",-4.4,1.19,24.06,0.12,30.47,41.61,10.14,,,,,,,,,
153,JSWINFRA,Ports,"53,749.05",-,-,-,0.58,1.59,46.5,6.53,,,,,,,,,
154,UBL,Alcoholic Beverages,"53,393.98",3.92,0.74,9.77,0.02,1.45,130.22,12.76,,,,,,,,,
155,LINDEINDIA,Commodity Chemicals,"52,576.02",25.18,1.05,51.21,0.01,13.64,121.12,15.16,,,,,,,,,
156,PRESTIGE,Real Estate,"52,389.72",29.08,1.33,27.2,1.14,0.41,38.13,4.44,,,,,,,,,
157,BALKRISIND,Tires & Rubber,"52,359.96",7.37,1.01,16.42,0.35,23.25,35.58,5.91,,,,,,,,,
158,TIINDIA,Cycles,"51,965.69",15.87,1.64,39.64,0.13,10.01,43.28,7.7,,,,,,,,,
159,JSL,Iron & Steel,"51,514.07",35.72,1.38,71.97,0.42,7.95,18.99,3.58,,,,,,,,,
160,SUNDARMFIN,Consumer Finance,"51,217.91",25.5,0.98,23.08,4.72,41.33,35.67,4.62,,,,,,,,,
161,UPL,Fertilizers & Agro Chemicals,"50,985.02",-6.51,1.29,2.88,0.91,9.98,-42.49,1.56,,,,,,,,,
162,BHARATFORG,Iron & Steel,"50,627.20",7.44,1.45,16.93,1.11,4.54,53.23,7.07,,,,,,,,,
163,COROMANDEL,Fertilizers & Agro Chemicals,"50,336.17",22.5,0.48,22.49,0.05,17.39,30.65,5.33,,,,,,,,,
164,COFORGE,IT Services & Consulting,"50,129.41",11.38,0.99,32.23,0.19,32.26,62.04,13.45,,,,,,,,,
165,KALYANKJIL,"Precious Metals, Jewellery & Watches","50,050.40",71.28,0.91,-,1.07,2.12,83.79,11.95,,,,,,,,,
166,SCHAEFFLER,Auto Parts,"49,994.51",15.4,0.62,28.04,0.01,15.1,55.61,10.4,,,,,,,,,
167,HEXT,IT Services & Consulting,"49,672.96",-,-,-,0.02,3.18,49.79,10.72,,,,,,,,,
168,POWERINDIA,Heavy Electrical Equipments,"49,023.31",46.7,0.52,-,0.16,32.41,299.32,36.05,,,,,,,,,
169,UNOMINDA,Auto Parts,"48,981.92",15.7,1.24,34.8,0.32,4.05,55.64,9.3,,,,,,,,,
170,PAYTM,Online Services,"48,854.89",12.08,-,-,0.01,-3.27,-34.48,3.67,,,,,,,,,
171,MPHASIS,IT Services & Consulting,"48,705.48",-14.3,0.96,23.31,0.18,22.58,31.33,5.54,,,,,,,,,
172,PIIND,Diversified Chemicals,"47,716.73",-0.41,1.23,15.12,0.02,24.55,28.38,5.47,,,,,,,,,
173,IREDA,Specialized Finance,"47,664.82",-,-,-,5.8,1.58,38.06,5.57,,,,,,,,,
174,NYKAA,Wellness Services,"46,951.49",-11.06,-,-,0.76,0.09,"1,455.41",36.65,,,,,,,,,
175,FORTIS,Hospitals & Diagnostic Centres,"46,758.33",26.81,0.87,31.7,0.13,3.28,78.08,5.46,,,,,,,,,
176,VMM,FMCG - Foods,"46,721.80",-,-,-,0.26,0.58,101.14,8.31,,,,,,,,,
177,SUPREMEIND,Plastic Products,"46,619.50",17.03,1.18,21.41,0.01,14.72,43.58,9.13,,,,,,,,,
178,SAIL,Iron & Steel,"46,575.80",-1.84,1.89,21.75,0.64,0.34,15.19,0.82,,,,,,,,,
179,MRF,Tires & Rubber,"46,340.13",11.3,0.66,9.07,0.17,743.8,22.27,2.77,,,,,,,,,
180,BANKINDIA,Public Banks,"46,214.13",17.46,1.56,11.11,0,5.79,7.04,0.65,,,,,,,,,
181,UCOBANK,Public Banks,"46,126.09",40.37,1.16,22.83,0,0.54,27.59,1.69,,,,,,,,,
182,PAGEIND,Apparel & Accessories,"45,878.45",-3.96,0.76,12.26,0.12,183.48,80.6,28.73,,,,,,,,,
183,FACT,Fertilizers & Agro Chemicals,"45,709.16",69.29,0.62,80.76,1.32,0.12,312.69,33.23,,,,,,,,,
184,JUBLFOOD,Restaurants & Cafes,"45,528.76",0.5,0.79,12.95,1.88,0.65,114.01,20.3,,,,,,,,,
185,PETRONET,Oil & Gas - Storage & Transportation,"45,232.50",12.67,0.72,2.43,0.17,6.01,12.38,2.6,,,,,,,,,
186,PGHH,FMCG - Personal Products,"44,528.18",-7.74,0.4,4.23,0,82.74,65.97,57.47,,,,,,,,,
187,IDFCFIRSTB,Private Banks,"44,388.54",3.23,1.32,8.51,0,0.46,15.09,1.38,,,,,,,,,
188,FEDERALBNK,Private Banks,"44,161.24",12.18,1.45,15.5,0,3.85,11.38,1.43,,,,,,,,,
189,PREMIERENE,Renewable Energy,"43,382.88",-,-,-,2.12,5.66,187.52,65.74,,,,,,,,,
190,GLAXO,Pharmaceuticals,"42,498.89",19.23,0.33,13.28,0.01,13.57,72.04,23.91,,,,,,,,,
191,VOLTAS,Home Electronics & Appliances,"41,989.27",-7.53,0.89,11.85,0.13,3.99,166.62,7.17,,,,,,,,,
192,CONCOR,Logistics,"41,895.08",-0.84,1.24,4.57,0.08,6.03,33.23,3.51,,,,,,,,,
193,TATACOMM,Telecom Services,"41,329.28",-1.82,1.98,29.91,6.29,8.28,42.68,23.09,,,,,,,,,
194,APLAPOLLO,Building Products - Pipes,"41,328.96",14.23,0.97,47.76,0.32,7.82,56.43,11.47,,,,,,,,,
195,ABCAPITAL,Diversified Financials,"40,998.70",3.26,1.67,11.79,3.85,2.72,12.29,1.43,,,,,,,,,
196,FLUOROCHEM,Specialty Chemicals,"40,691.74",10.12,1.13,46.38,0.35,11.47,93.55,6.85,,,,,,,,,
197,CENTRALBK,Public Banks,"40,609.43",27.07,1.15,22.44,0,1.11,15.22,1.25,,,,,,,,,
198,AUBANK,Consumer Finance,"40,018.41",-9.12,1.66,-1.75,0,7.1,26.08,3.19,,,,,,,,,
199,BLUESTARCO,Home Electronics & Appliances,"39,349.53",38.57,1.13,35.26,0.09,6.44,94.83,15.06,,,,,,,,,
200,BIOCON,Biotechnology,"38,633.03",-12.64,0.75,0.47,0.64,0.21,37.78,1.53,,,,,,,,,
201,360ONE,Investment Banking & Brokerage,"38,528.56",25.81,1.09,19.82,2.75,7.26,47.91,11.17,,,,,,,,,
202,MAHABANK,Public Banks,"38,234.72",27.84,0.89,34.01,0,1.84,9.39,1.92,,,,,,,,,
203,GODREJIND,Diversified Chemicals,"38,103.50",22.43,0.7,21.92,1.92,5.59,635.38,2.52,,,,,,,,,
204,HUDCO,Specialized Finance,"37,968.04",58.2,1.64,41.4,4.45,3.67,17.94,2.29,,,,,,,,,
205,THERMAX,Industrial Machinery,"37,413.64",22.19,0.57,27.64,0.29,10.29,57.98,8.43,,,,,,,,,
206,ASTRAL,Building Products - Pipes,"37,265.01",-7.93,0.98,15.54,0.04,4.25,68.24,11.4,,,,,,,,,
207,TATAELXSI,Software Services,"37,123.83",-8.9,0.98,43.01,0.09,31.95,46.86,14.82,,,,,,,,,
208,BDL,Aerospace & Defense Equipments,"37,008.15",50.89,1.24,47,0,4.01,60.4,10.18,,,,,,,,,
209,NATIONALUM,Metals - Aluminium,"36,918.14",11.37,1.01,38.96,0.01,8.53,18.57,2.57,,,,,,,,,
210,MOTILALOFS,Diversified Financials,"36,764.91",34.68,0.6,24.28,1.57,9.43,15.06,4.19,,,,,,,,,
211,KEI,Cables,"36,734.72",37.79,1.49,49.08,0.05,17.87,63.26,11.67,,,,,,,,,
212,GLENMARK,Pharmaceuticals,"36,707.04",29.81,1.12,32.25,0.16,12.33,-24.44,4.68,,,,,,,,,
213,IPCALAB,Pharmaceuticals,"36,658.99",13.89,0.43,14.72,0.19,9.78,66.98,4.74,,,,,,,,,
214,SJVN,Renewable Energy,"36,543.17",36.57,0.63,29.38,1.44,0.38,40.09,2.6,,,,,,,,,
215,MFSL,Insurance,"36,312.98",6.52,0.93,13.24,0.12,1.62,106.77,8.31,,,,,,,,,
216,GVT&D,Heavy Electrical Equipments,"36,261.31",97.13,1.64,59.14,0.03,5.57,200.28,29.17,,,,,,,,,
217,KPITTECH,IT Services & Consulting,"35,582.83",21.03,1.71,71.95,0.15,6.89,59.85,16.45,,,,,,,,,
218,JKCEMENT,Cement,"35,390.02",6.79,1.15,25.48,1.04,24.54,44.75,6.65,,,,,,,,,
219,ACC,Cement,"35,379.12",-10.34,0.91,5.77,0.02,58.14,15.14,2.17,,,,,,,,,
220,COCHINSHIP,Shipbuilding,"34,831.90",74.73,0.9,50.31,0.1,6.73,44.47,6.96,,,,,,,,,
221,CRISIL,Stock Exchanges & Ratings,"34,006.19",14.21,0.37,22.69,0.02,30.72,49.71,15.53,,,,,,,,,
222,LTF,Consumer Finance,"33,865.34",12.86,1.96,3.46,3.26,2.51,14.6,1.44,,,,,,,,,
223,ITCHOTELS,"Hotels, Resorts & Cruise Lines","33,862.73",-,-,-,0,0.01,"30,506.97",402.6,,,,,,,,,
224,AWL,FMCG - Foods,"33,837.13",-11.63,-,-,0.32,3.16,228.66,4.07,,,,,,,,,
225,NAM-INDIA,Asset Management,"33,730.40",12.3,0.92,3.8,0,4.66,30.46,8.47,,,,,,,,,
226,ESCORTS,Tractors,"33,730.35",12.67,0.62,28.41,0.01,29.16,32.15,3.68,,,,,,,,,
227,M&MFIN,Consumer Finance,"33,395.99",11.07,1.98,3.07,4.92,7.43,17.28,1.67,,,,,,,,,
228,MEDANTA,Hospitals & Diagnostic Centres,"33,185.31",47.22,-,-,0.09,5.32,91.95,11.65,,,,,,,,,
229,DALBHARAT,Cement,"32,669.16",-5.08,1.28,14.92,0.29,3.25,39.55,1.98,,,,,,,,,
230,AJANTPHARM,Pharmaceuticals,"32,558.34",29.87,0.3,22.02,0.01,18.6,39.89,9.13,,,,,,,,,
231,EMBASSY,Real Estate,"32,216.06",-14.94,0.38,-4.32,0.73,1.67,33.42,1.38,,,,,,,,,
232,AIAENG,Industrial Machinery,"31,673.87",21.92,0.68,12.42,0.07,27.78,27.89,4.75,,,,,,,,,
233,SONACOMS,Auto Parts,"31,549.08",-12.71,0.97,-,0.15,2.43,60.99,11.27,,,,,,,,,
234,SUVENPHAR,Pharmaceuticals,"31,221.12",27.37,1.65,-,0.03,3.26,103.98,15.22,,,,,,,,,
235,EXIDEIND,Batteries,"31,050.50",23.07,0.94,15.46,0.09,1.84,35.42,2.41,,,,,,,,,
236,NLCINDIA,Metals - Diversified,"31,030.15",37.13,1.19,33.34,1.16,5.02,16.74,1.6,,,,,,,,,
237,METROBRAND,Footwear,"30,987.76",21.36,-,-,0.58,3.48,75.12,16.37,,,,,,,,,
238,3MINDIA,Stationery,"30,803.32",7.35,0.57,4.75,0.01,139.5,52.8,14.35,,,,,,,,,
239,IKS,Health Care Equipment & Supplies,"30,727.47",-,-,-,1.13,7.8,82.94,26.54,,,,,,,,,
240,TATATECH,IT Services & Consulting,"30,122.92",-,-,-,0.08,4.16,44.34,9.35,,,,,,,,,
241,TATAINVEST,Asset Management,"30,059.42",52.77,0.81,45.14,0,3.88,78.09,1,,,,,,,,,
242,GODFRYPHLP,FMCG - Tobacco,"29,986.27",59.13,0.48,33.98,0.08,60.95,33.96,7.07,,,,,,,,,
243,LICHSGFIN,Home Financing,"29,926.18",5.73,1.22,8.33,8.02,26.09,6.29,0.95,,,,,,,,,
244,HONAUT,Electronic Equipments,"29,896.20",-9.19,0.91,-0.63,0.02,149.35,59.63,8.29,,,,,,,,,
245,PSB,Public Banks,"29,503.70",31.12,1.18,21.05,0,0.42,49.55,1.9,,,,,,,,,
246,IRB,Construction & Engineering,"28,661.09",14.41,1.55,36.79,1.36,9.98,47.31,2.09,,,,,,,,,
247,SYNGENE,Labs & Life Sciences Services,"28,646.94",4.53,1.02,18.38,0.13,3.27,56.17,6.73,,,,,,,,,
248,ABFRL,Retail - Apparel,"28,453.14",-10.74,0.92,-1.79,2,-0.48,-45.31,6.03,,,,,,,,,
249,MCX,Stock Exchanges & Ratings,"28,447.80",44.71,0.4,32.71,0,31.38,342.29,20.64,,,,,,,,,
250,NH,Hospitals & Diagnostic Centres,"28,368.98",24.19,0.79,32.08,0.56,9.5,35.94,9.83,,,,,,,,,
251,CHOLAHLDNG,Diversified Financials,"28,276.47",24.61,1.56,22.79,6.06,25.89,15.95,1.28,,,,,,,,,
252,IGL,Gas Distribution,"28,196.03",1.05,0.79,-2.82,0.01,2.33,14.2,2.92,,,,,,,,,
253,LAURUSLABS,Pharmaceuticals,"28,119.32",-6.37,1.5,42.72,0.63,1.71,175.14,6.83,,,,,,,,,
254,RADICO,Alcoholic Beverages,"28,084.55",22.47,0.85,37.51,0.34,7.14,107.12,11.51,,,,,,,,,
255,KAYNES,Electrical Components & Equipments,"27,957.98",80.42,-,-,0.13,10.39,152.53,11.24,,,,,,,,,
256,GUJGASLTD,Gas Distribution,"27,900.45",-16.45,0.95,7.11,0.02,3.21,24.39,3.61,,,,,,,,,
257,KPRMILL,Textiles,"27,714.28",9.26,1.21,45.54,0.27,5.92,34.41,6.36,,,,,,,,,
258,PPLPHARMA,Pharmaceuticals,"27,603.41",11.08,-,-,0.6,0.03,"1,549.01",3.49,,,,,,,,,
259,GODIGIT,Insurance,"27,602.78",-,-,-,0.13,1.29,151.93,10.24,,,,,,,,,
260,ITI,Telecom Equipments,"27,159.47",40.2,0.95,27.36,1.01,-0.51,-47.74,15.22,,,,,,,,,
261,GILLETTE,FMCG - Personal Products,"26,874.82",13.63,0.24,6.89,0,38.66,65.28,27.67,,,,,,,,,
262,ISEC,Investment Banking & Brokerage,"26,636.70",0.77,1.3,9.9,4.34,15.53,15.72,6.84,,,,,,,,,
263,NIACL,Insurance,"26,435.57",9.26,0.74,3.63,0,2.12,23.68,0.93,,,,,,,,,
264,ENDURANCE,Auto Parts,"26,405.93",7.44,1.12,12.33,0.15,13.11,38.8,5.31,,,,,,,,,
265,DEEPAKNTR,Commodity Chemicals,"26,361.36",-8.3,1.36,31.91,0.06,7.19,32.51,5.47,,,,,,,,,
266,AEGISLOG,Oil & Gas - Storage & Transportation,"26,319.74",51.52,1.16,24.55,0.6,3.54,46.24,5.9,,,,,,,,,
267,CDSL,Stock Exchanges & Ratings,"26,243.09",12.25,0.82,54.21,0,6.23,62.61,17.41,,,,,,,,,
268,AIIL,Diversified Financials,"25,967.62",-,-,185.22,0.11,31.76,6.06,2.51,,,,,,,,,
269,APOLLOTYRE,Tires & Rubber,"25,953.40",16.93,1.45,20.93,0.35,5.31,15.07,1.87,,,,,,,,,
270,APARINDS,Electrical Components & Equipments,"25,842.08",81.5,0.63,75.09,0.12,43.55,31.32,6.67,,,,,,,,,
271,OLAELEC,Two Wheelers,"25,430.51",-,-,-,1.34,-1.28,-16.05,12.59,,,,,,,,,
272,FSL,Outsourced services,"25,376.48",29.34,1.51,50.17,0.41,2.33,49.3,6.86,,,,,,,,,
273,GLAND,Pharmaceuticals,"25,151.00",-22.48,0.7,-,0.04,12.42,32.56,2.88,,,,,,,,,
274,JBCHEPHARM,Pharmaceuticals,"25,003.60",21.87,0.25,43.19,0.13,10.46,45.24,8.55,,,,,,,,,
275,SUMICHEM,Commodity Chemicals,"24,732.67",7.14,0.78,14.69,0.01,1.74,66.93,10.12,,,,,,,,,
276,BRIGADE,Real Estate,"24,585.31",14.42,1.36,33.1,1.54,9.98,54.44,6.91,,,,,,,,,
277,EMAMILTD,FMCG - Personal Products,"24,297.77",2.47,1.05,15.63,0.04,6.39,33.58,9.89,,,,,,,,,
278,PGEL,Electronic Equipments,"23,399.10",83.44,1.75,161.92,0.42,1.47,173.71,22.54,,,,,,,,,
279,CPSEETF,Equity,"23,025.67",8.93,0.78,31.71,-,-,-,-,,,,,,,,,
280,ABREL,Textiles,"22,795.64",24,1.2,27.95,0.61,-3.64,451.13,5.57,,,,,,,,,
281,SUNTV,TV Channels & Broadcasters,"22,697.30",2.26,1.07,3.25,0,9.22,11.79,2.15,,,,,,,,,
282,STARHEALTH,Insurance,"22,613.90",-19.21,-,-,0.07,3.66,26.76,3.54,,,,,,,,,
283,POONAWALLA,Consumer Finance,"22,608.98",1.44,2.34,42.19,1.86,0.24,13.44,2.77,,,,,,,,,
284,HSCL,Commodity Chemicals,"22,558.76",66.5,1.65,53.23,0.2,2.88,54.92,7.41,,,,,,,,,
285,INOXWIND,Heavy Electrical Equipments,"22,539.99",58.33,1.87,79.46,1.48,0.89,-557.37,10.28,,,,,,,,,
286,POLYMED,Health Care Equipment & Supplies,"22,511.53",36.08,0.46,47.3,0.12,8.48,87.17,15.31,,,,,,,,,
287,BANDHANBNK,Private Banks,"22,453.72",-31.67,1.73,-19.64,0,2.65,10.07,1.04,,,,,,,,,
288,CHAMBLFERT,Fertilizers & Agro Chemicals,"22,035.88",6.94,1.41,29.37,0.24,13.34,17.27,3,,,,,,,,,
289,NBCC,Construction & Engineering,"21,891.60",31.39,1.64,33.53,0,0.51,54.52,9.08,,,,,,,,,
290,MSUMI,Cables,"21,707.64",-2.99,-,-,0.15,0.32,34.01,12.95,,,,,,,,,
291,AFFLE,Advertising,"21,702.36",0.56,1.68,28.56,0.07,7.15,73.01,8.69,,,,,,,,,
292,BAYERCROP,Fertilizers & Agro Chemicals,"21,687.26",-1.65,0.7,2.53,0.02,7.61,29.29,7.61,,,,,,,,,
293,LALPATHLAB,Hospitals & Diagnostic Centres,"21,667.86",-2.48,0.78,9.94,0.13,11.6,60.57,11.49,,,,,,,,,
294,TATACHEM,Diversified Chemicals,"21,553.65",-4.42,1.4,2.07,0.24,-2.08,80.42,0.93,,,,,,,,,
295,HINDCOPPER,Mining - Copper,"21,518.22",17.17,2.09,43.51,0.1,0.65,72.87,9.42,,,,,,,,,
296,CROMPTON,Home Electronics & Appliances,"21,433.62",-10.16,0.68,2.73,0.2,1.71,48.72,6.21,,,,,,,,,
297,KIMS,Hospitals & Diagnostic Centres,"21,425.44",26.71,0.51,-,0.65,2.22,69.08,10.24,,,,,,,,,
298,HATSUN,FMCG - Foods,"21,421.70",-7.9,0.84,14.13,1.72,1.84,80.15,13.62,,,,,,,,,
299,WOCKPHARMA,Pharmaceuticals,"21,392.04",46.09,2.06,31.91,0.64,0.91,-46.2,5.84,,,,,,,,,
300,SAGILITY,Specialized Finance,"21,388.99",-,-,-,0.39,0.46,93.7,3.32,,,,,,,,,
301,CASTROLIND,Commodity Chemicals,"21,307.67",20.01,1.2,6.89,0.04,2.74,22.98,10.04,,,,,,,,,
302,DEVYANI,Restaurants & Cafes,"21,294.22",-2.88,1.12,-,2.15,0,450.48,15.79,,,,,,,,,
303,ANGELONE,Investment Banking & Brokerage,"21,273.63",11.95,1.03,17.83,0.84,31.25,18.9,7,,,,,,,,,
304,MANYAVAR,Textiles,"21,195.23",-1.99,-,-,0.28,2.75,51.18,13.23,,,,,,,,,
305,PEL,Diversified Financials,"20,993.78",-16.71,1.39,-10.2,2.02,1.71,-12.47,0.79,,,,,,,,,
306,PNBHOUSING,Home Financing,"20,914.11",26.44,1.4,18.44,3.67,18.6,13.87,1.4,,,,,,,,,
307,ASTERDM,Hospitals & Diagnostic Centres,"20,669.74",38.19,1.27,19.41,0.28,1.14,159.88,4.11,,,,,,,,,
308,FIVESTAR,Consumer Finance,"20,524.70",20.52,-,-,1.22,9.36,24.55,3.95,,,,,,,,,
309,ZFCVINDIA,Auto Parts,"20,499.31",15.81,0.27,9.69,0,66.15,50.44,7.35,,,,,,,,,
310,WELCORP,Iron & Steel,"20,414.53",52.54,1.39,30.72,0.34,25.73,18.38,3.55,,,,,,,,,
311,JYOTICNC,Industrial Machinery,"20,400.99",-,-,-,0.22,3.53,135.23,14.95,,,,,,,,,
312,SUNDRMFAST,Auto Parts,"20,376.15",0.37,1.22,16.54,0.19,6.21,39.06,5.92,,,,,,,,,
313,DELHIVERY,Logistics,"20,348.23",-28.09,-,-,0.13,0.34,-81.66,2.23,,,,,,,,,
314,AMBER,Home Electronics & Appliances,"20,298.16",24.39,0.19,29.63,0.73,10.61,152.74,9.59,,,,,,,,,
315,MRPL,Oil & Gas - Refining & Marketing,"20,265.30",42.9,1.2,22.98,0.96,1.76,5.63,1.53,,,,,,,,,
316,SHYAMMETL,Iron & Steel,"20,259.28",24.5,1.28,-,0.06,7.1,19.58,1.96,,,,,,,,,
317,NXST,Real Estate,"20,173.74",-,-,-,0.29,0.78,33.7,1.35,,,,,,,,,
318,NUVAMA,Diversified Financials,"20,171.76",-,-,-,2.33,70.41,32.26,6.96,,,,,,,,,
319,MINDSPACE,Real Estate,"20,155.50",5.66,-,-,0.47,2.41,38.39,1.35,,,,,,,,,
320,RAMCOCEM,Cement,"20,140.38",-4.16,0.84,1.17,0.68,7.62,55.95,2.78,,,,,,,,,
321,KEC,Construction & Engineering,"20,123.39",16.86,1.03,17.37,0.97,4.87,58.03,4.91,,,,,,,,,
322,EIHOTEL,"Hotels, Resorts & Cruise Lines","20,033.54",24.46,1.32,17.24,0.05,4.23,31.35,4.9,,,,,,,,,
323,NAVINFLUOR,Specialty Chemicals,"20,004.16",-2.62,0.85,25.84,0.57,16.86,73.95,8.4,,,,,,,,,
324,TVSHLTD,Auto Parts,"19,761.40",33.68,0.84,38.06,3.75,190.81,24.69,2.83,,,,,,,,,
325,REDINGTON,Technology Hardware,"19,662.41",12.95,0.99,32.97,0.38,5.12,16.13,2.5,,,,,,,,,
326,KANSAINER,Paints,"19,533.62",-13.08,0.93,-6.41,0.05,8.42,16.48,3.49,,,,,,,,,
327,FIRSTCRY,Retail - Apparel,"19,403.77",-,-,-,0.38,-0.16,-70.75,5.12,,,,,,,,,
328,TIMKEN,Industrial Machinery,"19,336.10",3.75,0.91,19.84,0.01,9.88,49.31,8,,,,,,,,,
329,ABSLAMC,Asset Management,"19,120.72",6.2,1.02,-,0.02,7.78,24.5,6.03,,,,,,,,,
330,BASF,Diversified Chemicals,"19,068.62",17.73,0.57,39.31,0.05,23.9,33.85,5.92,,,,,,,,,
331,SKFINDIA,Industrial Machinery,"18,872.20",-1.78,0.69,14.11,0,22.1,34.2,7.03,,,,,,,,,
332,EMCURE,Pharmaceuticals,"18,862.68",-,-,-,0.75,8.12,37.86,6.04,,,,,,,,,
333,PFIZER,Pharmaceuticals,"18,734.15",-4.52,0.5,-0.45,0.01,27.89,33.98,5.21,,,,,,,,,
334,TRITURBINE,Heavy Electrical Equipments,"18,697.52",38.88,1.39,42.52,0,2.92,69.47,19.45,,,,,,,,,
335,ARE&M,Batteries,"18,580.73",12.4,1.15,5.66,0.02,16.3,19.89,2.73,,,,,,,,,
336,CESC,Power Generation,"18,101.99",12.35,1.48,14.37,1.21,1.99,13.15,1.51,,,,,,,,,
337,IGIL,Education Services,"18,085.88",-,-,-,0.06,"2,178.33",55.69,35.53,,,,,,,,,
338,ZENSARTECH,IT Services & Consulting,"17,968.39",23.03,1.36,39.73,0.05,7.04,27.02,5.04,,,,,,,,,
339,ANANTRAJ,Real Estate,"17,660.37",63.63,1.2,74.42,0.17,3.23,67.69,4.79,,,,,,,,,
340,RATNAMANI,Building Products - Pipes,"17,527.56",16.91,0.93,23.32,0.05,19,28.14,5.45,,,,,,,,,
341,ERIS,Pharmaceuticals,"17,412.98",21.63,0.71,24.18,0.86,6.15,44.42,5.4,,,,,,,,,
342,CONCORDBIO,Pharmaceuticals,"17,263.77",-,-,-,0.01,7.26,56.03,11.31,,,,,,,,,
343,SARDAEN,Iron & Steel,"17,254.35",58.41,1.19,89.02,0.34,5.6,32.99,4.32,,,,,,,,,
344,ASTRAZEN,Pharmaceuticals,"17,175.75",29.33,0.45,19.55,0.01,12.34,106.34,24.13,,,,,,,,,
345,KARURVYSYA,Private Banks,"17,175.73",44.67,1.93,34.85,0,6.16,10.7,1.71,,,,,,,,,
346,CENTURYPLY,Wood Products,"17,139.54",-1.86,1.19,37.97,0.35,2.63,52.51,7.77,,,,,,,,,
347,CARBORUNIV,Industrial Machinery,"17,127.14",-1.58,1.14,20.91,0.05,1.83,37.13,5.25,,,,,,,,,
348,MANAPPURAM,Consumer Finance,"17,040.42",12.31,1.6,2.72,2.96,3.29,7.79,1.47,,,,,,,,,
349,JSWHL,Asset Management,"16,953.32",50.39,1.36,40.16,0,12.51,108.98,0.67,,,,,,,,,
350,CAMS,Diversified Financials,"16,933.76",10.35,0.7,-,0.11,25.45,47.88,18.49,,,,,,,,,
351,BIKAJI,FMCG - Foods,"16,908.31",30.68,-,-,0.14,1.14,63.63,13.9,,,,,,,,,
352,GRINDWELL,Industrial Machinery,"16,709.31",-7.9,1,19.68,0.04,7.84,43.55,8.08,,,,,,,,,
353,BATAINDIA,Footwear,"16,684.16",-20.36,1.01,-6.37,0.89,4.57,63.56,10.93,,,,,,,,,
354,AFCONS,Construction & Engineering,"16,649.61",-,-,-,0.7,4.05,37.02,4.63,,,,,,,,,
355,ANANDRATHI,Asset Management,"16,630.49",67.75,-,-,0.08,18.58,73.92,25.14,,,,,,,,,
356,VINATIORGA,Specialty Chemicals,"16,381.76",-11.91,0.6,9.23,0,9.04,50.72,6.66,,,,,,,,,
357,AADHARHFC,Consumer Finance,"16,373.50",-,-,-,3.14,5.56,21.84,3.68,,,,,,,,,
358,ASAHIINDIA,Auto Parts,"16,367.25",6.66,0.97,20.79,0.84,4.34,49.9,7.02,,,,,,,,,
359,JINDALSAW,Building Products - Pipes,"16,329.84",58.9,1.16,41.75,0.61,7.96,9.74,1.74,,,,,,,,,
360,ATUL,Diversified Chemicals,"16,177.80",-22.39,0.96,1.12,0.05,36.93,50.08,3.13,,,,,,,,,
361,GSPL,Gas Distribution,"16,161.83",0.56,0.94,3.79,0.01,4.15,9.74,1.12,,,,,,,,,
362,CIEINDIA,Auto Parts,"15,965.47",22.63,1.3,22.23,0.14,4.88,19.29,2.67,,,,,,,,,
363,TBOTEK,Tour & Travel Services,"15,863.14",-,-,-,0.39,4.7,78.48,29.12,,,,,,,,,
364,APLLTD,Pharmaceuticals,"15,791.88",2.28,0.76,3.87,0.11,7.01,25.64,3.28,,,,,,,,,
365,KPIL,Power Infrastructure,"15,704.24",22.62,1.3,19.84,0.78,8.67,30.82,3.07,,,,,,,,,
366,CHALET,"Hotels, Resorts & Cruise Lines","15,689.47",29.52,0.93,16.12,1.37,4.42,56.4,7.65,,,,,,,,,
367,DCMSHRIRAM,Diversified Chemicals,"15,683.17",1.4,0.96,23.85,0.33,16.81,35.08,2.4,,,,,,,,,
368,KFINTECH,Business Support Services,"15,667.03",45.21,-,-,0.04,5.25,63.67,13.73,,,,,,,,,
369,BLS,Outsourced services,"15,630.67",67.01,1.6,85.81,0.02,2.93,49.94,10.84,,,,,,,,,
370,EMBDL,Real Estate,"15,555.93",4.8,2.18,8.12,0.11,0.35,-14.98,5.63,,,,,,,,,
371,KIOCL,Iron & Steel,"15,534.12",11.8,1.71,19.14,0.09,-0.79,-186.48,8.1,,,,,,,,,
372,PTCIL,Iron & Steel,"15,509.09",-,-,136.19,0.28,9.51,367.34,24.02,,,,,,,,,
373,UTISENSETF,Equity,"15,503.00",4.26,0.69,13.42,-,-,-,-,,,,,,,,,
374,DOMS,Stationery,"15,494.97",-,-,-,0.2,8.94,101.18,18.4,,,,,,,,,
375,CAPLIPOINT,Pharmaceuticals,"15,429.23",32.23,0.66,42.1,0,18.28,33.76,6.57,,,,,,,,,
376,LMW,Industrial Machinery,"15,411.08",5.42,0.89,34.72,0,18.06,41.24,5.7,,,,,,,,,
377,SCHNEIDER,Heavy Electrical Equipments,"15,330.16",56.42,1.08,44.94,0.8,4.62,89.11,32.81,,,,,,,,,
378,JUBLPHARMA,Pharmaceuticals,"15,316.17",25.18,1.91,12.09,0.68,6.37,198.65,2.83,,,,,,,,,
379,SIGNATURE,Real Estate,"15,295.99",-,-,-,3.07,2.07,946.53,24.3,,,,,,,,,
380,RPOWER,Power Generation,"15,143.98",38.6,2.42,83.74,1.62,0.1,-7.32,1.3,,,,,,,,,
381,GRSE,Shipbuilding,"15,111.70",61.19,0.76,48.63,0.04,8.57,42.3,9.03,,,,,,,,,
382,BLUEDART,Logistics,"15,097.14",-3.67,0.7,16.18,0.78,34.14,50.15,11.04,,,,,,,,,
383,APTUS,Home Financing,"15,079.39",-9.09,1,-,1.38,3.82,24.64,4,,,,,,,,,
384,ELGIEQUIP,Industrial Machinery,"15,077.33",13.63,1.2,33.91,0.4,2.55,48.34,9.36,,,,,,,,,
385,CYIENT,Software Services,"15,028.98",14.12,1.5,25.52,0.17,11.11,22.01,3.3,,,,,,,,,
386,IEX,Power Trading & Consultancy,"15,021.03",-11.88,1.16,22.3,0.01,1.21,42.82,15.45,,,,,,,,,
387,VGUARD,Electrical Components & Equipments,"15,006.87",15.26,0.62,11.18,0.22,1.38,58.26,8.27,,,,,,,,,
388,PCBL,Commodity Chemicals,"14,960.73",46.45,1.5,43.65,1.53,2.47,30.47,4.6,,,,,,,,,
389,AARTIIND,Specialty Chemicals,"14,959.38",-30.05,1.36,-4.53,0.61,1.27,35.92,2.83,,,,,,,,,
390,IRCON,Construction & Engineering,"14,925.04",46.07,0.95,22.64,0.44,0.92,16.06,2.53,,,,,,,,,
391,AKZOINDIA,Specialty Chemicals,"14,832.71",19.08,0.23,6.16,0.05,23.85,34.77,11.15,,,,,,,,,
392,SAILIFE,Biotechnology,"14,684.50",-,-,-,0.95,2.89,177.35,15.06,,,,,,,,,
393,VENTIVE,"Hotels, Resorts & Cruise Lines","14,666.41",-,-,-,1.41,1.49,88.18,43.85,,,,,,,,,
394,ECLERX,Outsourced services,"14,664.82",20.48,1.18,49.65,0.12,29.16,28.67,6.52,,,,,,,,,
395,ONESOURCE,Biotechnology,"14,582.58",-,-,-,1.43,-6.31,-37.35,36.66,,,,,,,,,
396,ACE,Heavy Machinery,"14,497.83",54.22,1.81,74.27,0,9.38,44.18,11.77,,,,,,,,,
397,CGCL,Consumer Finance,"14,319.89",8.99,0.4,28.28,2.71,1.55,51.25,3.73,,,,,,,,,
398,JBMA,Auto Parts,"14,307.90",32.71,0.85,67.31,1.78,2.23,80,12,,,,,,,,,
399,NATCOPHARM,Pharmaceuticals,"14,292.07",-0.57,0.74,3.79,0.06,7.43,10.29,2.44,,,,,,,,,
400,NIVABUPA,Insurance,"14,205.13",-,-,-,0.12,0.07,173.51,6.93,,,,,,,,,
401,NEULANDLAB,Pharmaceuticals,"14,107.10",85.71,1.38,89.75,0.07,79.18,47.01,11,,,,,,,,,
402,GODREJAGRO,Agro Products,"14,082.19",9.25,0.77,6.62,0.48,5.8,39.15,4.82,,,,,,,,,
403,KAJARIACER,Building Products - Ceramics,"14,037.46",-13.3,1.1,9.81,0.09,4.88,33.26,5.25,,,,,,,,,
404,TRIDENT,Textiles,"14,036.06",-27.4,0.83,34.82,0.49,0.15,40.16,3.25,,,,,,,,,
405,FINCABLES,Cables,"13,993.19",18.03,1.27,20.43,0,9.63,21.47,2.83,,,,,,,,,
406,TEJASNET,Telecom Equipments,"13,955.42",19.91,1.55,64.01,0.6,9.44,221.58,4.43,,,,,,,,,
407,KIRLOSBROS,Industrial Machinery,"13,900.93",60.72,1.34,58.01,0.11,14.76,39.93,8.06,,,,,,,,,
408,CLEAN,Specialty Chemicals,"13,847.56",-16.55,0.98,-,0,6.18,56.75,11.51,,,,,,,,,
409,CREDITACC,Consumer Finance,"13,827.54",4.14,1.72,-2.66,3.32,-6.24,9.56,2.1,,,,,,,,,
410,NEWGEN,Software Services,"13,784.75",48.36,1.27,55.9,0.04,6.36,54.79,11.27,,,,,,,,,
411,IIFL,Investment Banking & Brokerage,"13,563.30",-0.32,1.47,11.79,3.91,0.96,7.69,1.12,,,,,,,,,
412,DEEPAKFERT,Fertilizers & Agro Chemicals,"13,502.40",19.52,1.01,62.14,0.76,19.86,30.51,2.48,,,,,,,,,
413,SWANENERGY,Textiles,"13,486.48",34.67,0.49,28.3,0.43,18.72,44.78,1.68,,,,,,,,,
414,RAINBOW,Hospitals & Diagnostic Centres,"13,434.78",36.03,-,-,0.61,6.76,61.91,10.62,,,,,,,,,
415,JWL,Rail,"13,392.91",75.41,0.97,88.52,0.21,2.29,40.39,8.21,,,,,,,,,
416,AAVAS,Home Financing,"13,382.28",-20.89,1.08,-2.97,3.29,18,27.27,3.55,,,,,,,,,
417,INDGN,Business Support Services,"13,294.89",-,-,-,0.34,4.59,39.49,9.3,,,,,,,,,
418,HBLENGINE,Batteries,"13,258.23",66.79,1.36,95.5,0.06,2.31,47.2,10.87,,,,,,,,,
419,CELLO,FMCG - Household Products,"13,232.12",-,-,-,0.27,3.99,39.97,9.66,,,,,,,,,
420,BSOFT,IT Services & Consulting,"13,187.55",-2.04,1.31,36.97,0.03,4.2,21.14,4.33,,,,,,,,,
421,MGL,Gas Distribution,"13,181.40",14.85,1.06,3.43,0.03,22.39,10.33,2.57,,,,,,,,,
422,RRKABEL,Cables,"13,075.80",-,-,-,0.2,6.07,43.86,7.15,,,,,,,,,
423,LTFOODS,Packaged Foods & Meats,"13,065.39",57.63,0.97,68.99,0.27,4.13,22.02,3.81,,,,,,,,,
424,AGARWALEYE,Hospitals & Diagnostic Centres,"13,033.20",-,-,-,0.7,0.73,156.93,9.45,,,,,,,,,
425,BLUEJET,Pharmaceuticals,"13,002.10",-,-,-,0,5.71,79.4,15.38,,,,,,,,,
426,GESHIP,Oil & Gas - Storage & Transportation,"12,921.14",31.98,1.09,27.1,0.25,41.58,4.94,1.04,,,,,,,,,
427,CUBEINVIT,Roads,"12,906.89",-,-,-,0.83,0.39,-18.28,1,,,,,,,,,
428,HFCL,Telecom Equipments,"12,893.22",3.31,1.82,39.38,0.25,0.51,39.09,3.22,,,,,,,,,
429,BBTC,Tea & Coffee,"12,816.75",17.64,1.27,10.93,0.32,48.58,18.73,1.93,,,,,,,,,
430,RKFORGE,Rail,"12,815.16",46.05,1.5,59.58,0.45,5.51,37.53,4.77,,,,,,,,,
431,TTML,Telecom Services,"12,779.36",-17.76,0.99,82.26,-,-1.61,-10.4,-0.66,,,,,,,,,
432,TARIL,Heavy Electrical Equipments,"12,766.05",116.95,1.32,151.52,0.45,1.84,286.88,22.68,,,,,,,,,
433,SOBHA,Real Estate,"12,739.49",7.55,1.86,29.34,0.77,2.15,259.41,5.07,,,,,,,,,
434,GRAVITA,Metals - Lead,"12,737.47",54.61,1.39,91.91,0.64,11.35,53.25,14.98,,,,,,,,,
435,JYOTHYLAB,FMCG - Household Products,"12,613.82",30.42,0.97,20.64,0.03,2.38,34.14,6.97,,,,,,,,,
436,ALIVUS,Pharmaceuticals,"12,453.63",27.63,0.96,-,0.01,11.18,26.45,5.34,,,,,,,,,
437,WHIRLPOOL,Home Electronics & Appliances,"12,425.19",-17.24,0.77,-15.52,0.06,3.46,57.25,3.23,,,,,,,,,
438,JAIBALAJI,Iron & Steel,"12,420.30",98.53,0.88,89.92,0.31,0.26,14.12,8.26,,,,,,,,,
439,MINDACORP,Auto Parts,"12,394.60",28.57,1.36,35.48,0.27,2.75,54.55,6.26,,,,,,,,,
440,EIDPARRY,Sugar,"12,371.74",12.34,0.84,27.56,0.16,10.97,13.75,1.1,,,,,,,,,
441,GRANULES,Pharmaceuticals,"12,332.02",14.48,0.6,22.5,0.41,4.85,30.43,3.82,,,,,,,,,
442,UTIAMC,Asset Management,"12,178.62",4.77,1.2,-,0,11.81,15.91,2.45,,,,,,,,,
443,IFCI,Specialized Finance,"12,150.58",47.45,1.17,50.86,0.7,-0.12,117.23,1.58,,,,,,,,,
444,VTL,Textiles,"12,148.23",-10.5,1.08,14.33,0.19,7.4,19.23,1.32,,,,,,,,,
445,INDIAMART,Online Services,"12,131.25",-12.63,0.83,9.17,0.02,20.18,36.33,6.99,,,,,,,,,
446,WESTLIFE,Restaurants & Cafes,"11,846.66",11.24,0.88,9.82,2.32,0.45,171.12,20.14,,,,,,,,,
447,ACMESOLAR,Renewable Energy,"11,824.02",-,-,-,3.29,2.09,16.93,4.56,,,,,,,,,
448,NAVA,Iron & Steel,"11,782.17",60.86,1.46,63.26,0.05,4.31,9.38,1.42,,,,,,,,,
449,FINEORG,Specialty Chemicals,"11,779.56",-7.45,0.34,11.48,0,26.97,28.6,6.13,,,,,,,,,
450,NCC,Construction & Engineering,"11,734.45",34.03,1.83,34.92,0.14,3.08,16.51,1.72,,,,,,,,,
451,SANOFI,Pharmaceuticals,"11,687.23",4.21,0.68,2.11,0.02,35.69,19.39,11.51,,,,,,,,,
452,TECHNOE,Construction & Engineering,"11,634.61",48.4,0.57,27.27,0,8.25,43.34,5.38,,,,,,,,,
453,GPIL,Iron & Steel,"11,578.62",33.89,1.47,77.05,0.01,2.36,12.38,2.54,,,,,,,,,
454,FINPIPE,Building Products - Pipes,"11,529.08",-1.88,0.79,10.46,0.07,1.52,24.34,2.05,,,,,,,,,
455,NUVOCO,Cement,"11,518.29",-4.19,1.13,-,0.49,-1.72,78.16,1.28,,,,,,,,,
456,PGINVIT,Power Transmission & Distribution,"11,516.95",-,-,-,0.07,2.14,12.43,1.41,,,,,,,,,
457,SONATSOFTW,IT Services & Consulting,"11,430.69",6.71,1.65,26.46,0.54,3.78,37.05,8.13,,,,,,,,,
458,NSLNISP,Iron & Steel,"11,405.92",-0.19,-,-,0.43,-2.59,-7.31,0.74,,,,,,,,,
459,WELSPUNLIV,Textiles,"11,299.57",-0.99,1.2,21.31,0.57,1.27,16.59,2.45,,,,,,,,,
460,IWEL,Heavy Electrical Equipments,"11,250.99",89.26,1.02,-,0.61,32.2,-166.68,3.32,,,,,,,,,
461,CUB,Private Banks,"11,187.40",-1.68,1.2,-7.49,0,3.86,11.01,1.33,,,,,,,,,
462,KSB,Industrial Machinery,"11,171.58",39.01,1.13,35.34,0,3.55,53.52,8.58,,,,,,,,,
463,SPLPETRO,Specialty Chemicals,"11,137.69",21.18,0.63,47.5,0.06,3.79,32.15,5.52,,,,,,,,,
464,J&KBANK,Private Banks,"11,130.75",29.23,1.66,38.34,0,4.8,6.28,0.91,,,,,,,,,
465,CEATLTD,Tires & Rubber,"11,058.65",31.22,0.8,21.28,0.44,24.01,17.21,2.73,,,,,,,,,
466,RELAXO,Footwear,"11,031.71",-36.85,0.59,-11.26,0.1,1.32,55.03,5.51,,,,,,,,,
467,SHAKTIPUMP,Industrial Machinery,"10,983.64",87.69,1.34,85.78,0.11,8.66,77.5,14.53,,,,,,,,,
468,BEML,Rail,"10,969.99",20.84,1.52,24.65,0.03,5.86,38.93,4.11,,,,,,,,,
469,MAHSCOOTER,Two Wheelers,"10,959.77",27.05,1.53,15.2,0,2.9,54.99,0.41,,,,,,,,,
470,INGERRAND,Industrial Machinery,"10,934.05",29.83,0.35,40.21,0.01,24.6,49.17,18.84,,,,,,,,,
471,JUBLINGREA,Specialty Chemicals,"10,747.13",4.9,1.14,-,0.27,4.39,58.77,3.93,,,,,,,,,
472,ICICIB22,Equity,"10,739.05",5.41,1,25,-,-,-,-,,,,,,,,,
473,SANOFICONR,Pharmaceuticals,"10,726.05",-,-,-,0,19.25,59.26,"6,309.44",,,,,,,,,
474,ELECON,Heavy Electrical Equipments,"10,667.97",61.64,1.61,96.14,0.04,4.79,30,6.65,,,,,,,,,
475,SAFARI,Apparel & Accessories,"10,647.00",56.55,0.91,47.22,0.18,6.37,60.56,12.93,,,,,,,,,
476,BANKBEES,Equity,"10,625.95",-6.22,1.29,9.78,-,-,-,-,,,,,,,,,
477,ZYDUSWELL,FMCG - Foods,"10,581.07",-1.46,0.5,2.26,0.06,1.01,39.64,1.98,,,,,,,,,
478,TITAGARH,Rail,"10,546.30",81.71,1.81,76.9,0.07,4.66,36.86,4.75,,,,,,,,,
479,RITES,Business Support Services,"10,484.37",15.45,0.55,6.47,0,2.08,23.02,3.85,,,,,,,,,
480,SAPPHIRE,Restaurants & Cafes,"10,473.07",2.31,-,-,0.87,0.37,198.35,7.82,,,,,,,,,
481,LEMONTREE,"Hotels, Resorts & Cruise Lines","10,418.34",26.07,1.25,16.13,1.51,0.79,70.17,6.74,,,,,,,,,
482,GANESHHOUC,Real Estate,"10,290.80",65.17,1.27,106.46,0.01,19.29,22.34,6.56,,,,,,,,,
483,GRINFRA,Construction & Engineering,"10,262.21",-15.51,1.51,-,0.5,27.06,7.75,1.35,,,,,,,,,
484,MARKSANS,Pharmaceuticals,"10,243.77",47.79,1.37,62.26,0.12,2.31,32.65,4.91,,,,,,,,,
485,VIJAYA,Hospitals & Diagnostic Centres,"10,203.07",33.67,0.31,-,0.39,3.42,85.86,15.46,,,,,,,,,
486,HAPPSTMNDS,IT Services & Consulting,"10,084.40",-20.2,1.09,-,0.35,3.33,40.6,6.81,,,,,,,,,
487,INTELLECT,Software Services,"10,058.69",-1.46,2.14,38.47,0.02,5.11,31.32,4.1,,,,,,,,,
488,AETHER,Specialty Chemicals,"10,040.40",-0.6,-,-,0.09,3.27,121.72,4.87,,,,,,,,,
489,PRAJIND,Construction & Engineering,"9,996.67",13,1.51,39.32,0.13,2.23,35.28,7.84,,,,,,,,,
490,EUREKAFORB,Home Electronics & Appliances,"9,993.20",-,-,-,0.01,1.81,104.49,2.36,,,,,,,,,
491,RELINFRA,Power Infrastructure,"9,983.04",30.5,2.99,60.96,0.71,-83.26,-6.21,0.72,,,,,,,,,
492,PVRINOX,Theatres,"9,937.84",-21.07,1.01,-13.03,1.13,3.66,-310.56,1.36,,,,,,,,,
493,RBLBANK,Private Banks,"9,882.55",-3.98,1.75,-12.04,0,0.78,7.84,0.67,,,,,,,,,
494,AVANTIFEED,Packaged Foods & Meats,"9,869.63",12.79,1.07,5.33,0.01,9.92,27.64,3.67,,,,,,,,,
495,JMFINANCIL,Investment Banking & Brokerage,"9,827.18",7.68,1.08,-3.33,1.47,2.19,23.98,0.89,,,,,,,,,
496,RAILTEL,Communication & Networking,"9,804.67",39.09,1.11,-,0.02,2.03,39.82,5.37,,,,,,,,,
497,OLECTRA,Electrical Components & Equipments,"9,786.08",20.99,1.97,51.77,0.13,5.64,127.34,10.68,,,,,,,,,
498,ZENTEC,Electronic Equipments,"9,776.81",60.74,2.13,79.73,0.01,4.42,76.45,20.97,,,,,,,,,
499,GRWRHITECH,Commodity Chemicals,"9,774.45",62.24,-,-,0,26.17,48.08,4.78,,,,,,,,,
500,JLHL,Hospitals & Diagnostic Centres,"9,771.96",-,-,-,0,8.01,55.33,8.36,,,,,,,,,
501,CHOICEIN,Investment Banking & Brokerage,"9,764.15",63.14,-,-,0.71,1.54,74.62,15.25,,,,,,,,,
502,SAMMAANCAP,Home Financing,"9,754.76",-14.76,2.49,-16.92,2.45,4.17,8.03,0.49,,,,,,,,,
503,BIRET,Real Estate,"9,717.19",-,-,-,0.98,0.68,411.92,0.79,,,,,,,,,
504,BALRAMCHIN,Sugar,"9,697.37",3.9,0.78,23.88,0.59,3.49,18.14,2.85,,,,,,,,,
505,CRAFTSMAN,Industrial Machinery,"9,689.06",18.29,1.53,-,1,-0.87,31.82,5.53,,,,,,,,,
506,SAREGAMA,Movies & TV Serials,"9,618.34",8.18,1.9,69.34,0,3.24,48.68,6.53,,,,,,,,,
507,INDIGRID,Power Transmission & Distribution,"9,591.90",12.68,0.15,8.05,3.59,1.22,33.61,1.78,,,,,,,,,
508,JPPOWER,Renewable Energy,"9,540.01",24.15,1.73,56.14,0.37,0.14,9.34,0.83,,,,,,,,,
509,ENGINERSIN,Construction & Engineering,"9,518.75",30.4,1.04,15.64,0.01,1.94,21.38,4.22,,,,,,,,,
510,SBFC,Specialized Finance,"9,428.81",-,-,-,1.44,0.82,39.77,3.39,,,,,,,,,
511,TTKPRESTIG,Home Electronics & Appliances,"9,413.94",-7.94,0.68,3.22,0.09,4.27,41.2,4.51,,,,,,,,,
512,ZEEL,TV Channels & Broadcasters,"9,395.80",-33.45,1.35,-17.55,0.02,1.7,66.45,0.86,,,,,,,,,
513,USHAMART,Iron & Steel,"9,309.87",38.53,1.13,65.24,0.15,3.04,21.96,3.91,,,,,,,,,
514,ABDL,Alcoholic Beverages,"9,286.38",-,-,-,2.05,2.05,"5,074.52",22.82,,,,,,,,,
515,WAAREERTL,Renewable Energy,"9,270.13",98.76,0.5,226.52,0.18,5.14,62.58,39.95,,,,,,,,,
516,TEGA,Industrial Machinery,"9,209.18",40.65,-,-,0.26,8.15,47.5,7.73,,,,,,,,,
517,RAYMOND,Apparel & Accessories,"9,191.42",31.78,1.36,31.41,0.83,10.84,5.61,1.82,,,,,,,,,
518,AMIORG,Pharmaceuticals,"9,170.34",29.75,0.98,-,0.32,11.35,214.51,13.43,,,,,,,,,
519,QUESS,Employment Services,"9,163.97",-5.73,1.46,2.51,0.28,5.42,32.98,3.09,,,,,,,,,
520,FORCEMOT,Four Wheelers,"9,155.26",59.54,1.08,40.46,0.23,87.52,23.59,4.06,,,,,,,,,
521,MAPMYINDIA,Software Services,"9,110.46",7.31,-,-,0.04,5.96,68.01,13.81,,,,,,,,,
522,EDELWEISS,Diversified Financials,"9,092.39",36.34,1.69,15.91,3.37,1.69,21.61,1.5,,,,,,,,,
523,ITDCEM,Construction & Engineering,"9,075.54",67.25,1.66,55.88,0.59,5.07,33.16,6.06,,,,,,,,,
524,TIMETECHNO,Plastic Products,"9,064.68",60.15,1.29,50.32,0.32,4.44,29.2,3.46,,,,,,,,,
525,NETWEB,IT Services & Consulting,"9,061.79",-,-,-,0.02,5.38,119.38,21.44,,,,,,,,,
526,WABAG,Water Management,"8,918.73",48.15,2.01,45.92,0.16,8.51,36.31,4.89,,,,,,,,,
527,MAHSEAMLES,Building Products - Pipes,"8,897.55",29.94,1.11,30.73,0,13.89,9.35,1.55,,,,,,,,,
528,REDTAPE,Retail - Apparel,"8,853.21",-,-,-,0.74,1.32,50.23,13.65,,,,,,,,,
529,SHRIPISTON,Auto Parts,"8,826.04",64.32,1.29,42.79,0.24,27.22,19.94,4.37,,,,,,,,,
530,PGHL,Pharmaceuticals,"8,757.17",2.69,0.63,4.87,0.02,54.76,43.57,16.27,,,,,,,,,
531,RELIGARE,Investment Banking & Brokerage,"8,725.62",24.11,1.59,42.16,0.14,-1.3,37.46,2.75,,,,,,,,,
532,DATAPATTNS,Aerospace & Defense Equipments,"8,697.67",27.27,-,-,0,7.97,47.87,6.57,,,,,,,,,
533,ALKYLAMINE,Specialty Chemicals,"8,671.14",-23.47,1.2,20.98,0,8.56,58.25,6.84,,,,,,,,,
534,BANKNIFTY1,Equity,"8,642.35",-6.5,1.34,9.71,-,-,-,-,,,,,,,,,
535,MEDPLUS,Online Services,"8,636.90",-11.3,-,-,0.64,3.84,131.86,5.48,,,,,,,,,
536,ASKAUTOLTD,Auto Parts,"8,597.39",-,-,-,0.42,3.34,49.48,10.53,,,,,,,,,
537,BENGALASM,Diversified Financials,"8,530.82",36.8,0.43,35.71,0.05,"2,622.07",2.19,0.92,,,,,,,,,
538,KIRLOSENG,Industrial Machinery,"8,496.32",47.06,1.42,33.28,1.56,4.91,19.23,3.19,,,,,,,,,
539,GMDCLTD,Mining - Diversified,"8,489.01",20.6,1.33,35.59,0,4.64,13.75,1.39,,,,,,,,,
540,TIPSMUSIC,Movies & TV Serials,"8,486.10",47.73,0.88,119.94,0.03,3.46,66.73,47.28,,,,,,,,,
541,METROPOLIS,Hospitals & Diagnostic Centres,"8,474.21",-11.87,0.82,-1.99,0.18,6.12,66.3,7.71,,,,,,,,,
542,MMTC,Commodities Trading,"8,467.50",2.23,1.62,23.81,0.1,0.02,44.06,5.21,,,,,,,,,
543,BECTORFOOD,FMCG - Foods,"8,446.23",46.68,0.87,-,0.37,5.64,60.17,12.74,,,,,,,,,
544,ARVIND,Apparel & Accessories,"8,428.93",27.71,1.37,52.18,0.4,3.96,25.04,2.33,,,,,,,,,
545,RHIM,Cement,"8,418.03",-9.57,1.25,12.91,0.13,2.3,-83.79,2.19,,,,,,,,,
546,HOMEFIRST,Home Financing,"8,386.63",9.17,0.58,-,3.44,10.9,27.43,3.95,,,,,,,,,
547,CAMPUS,Apparel & Accessories,"8,384.71",-13.04,-,-,0.27,1.52,93.75,12.87,,,,,,,,,
548,GENUSPOWER,Electronic Equipments,"8,380.82",46.7,1.37,60.12,0.37,2.05,96.7,5.34,,,,,,,,,
549,SETFNIF50,Equity,"8,375.51",1.43,0.98,14.11,-,-,-,-,,,,,,,,,
550,EBBETF0423,Debt,"8,369.70",6.12,-,3.82,-,-,-,-,,,,,,,,,
551,STARCEMENT,Cement,"8,361.28",23.57,0.66,19.44,0.05,0.22,28.33,3.09,,,,,,,,,
552,JKLAKSHMI,Cement,"8,352.81",8.8,0.95,16.87,0.62,5.05,17.7,2.49,,,,,,,,,
553,HAPPYFORGE,Heavy Machinery,"8,313.10",-,-,-,0.09,6.85,34.21,5.16,,,,,,,,,
554,INOXINDIA,Industrial Machinery,"8,313.03",-,-,-,0.02,6.43,42.41,12.81,,,,,,,,,
555,ALOKINDS,Textiles,"8,311.81",-10.07,2.09,0.85,-,-0.55,-9.82,-0.51,,,,,,,,,
556,LATENTVIEW,IT Services & Consulting,"8,308.41",-7.83,-,-,0.02,2.03,52.37,6.05,,,,,,,,,
557,TRIVENI,Sugar,"8,271.06",9.74,1.03,36.29,0.49,1.94,20.93,2.85,,,,,,,,,
558,GRAPHITE,Electrical Components & Equipments,"8,213.59",-9.64,1.98,9.46,0.03,-1.03,10.16,1.46,,,,,,,,,
559,KIRLFER,Iron & Steel,"8,193.25",26.99,1.2,47.91,0.38,3.3,27.51,2.54,,,,,,,,,
560,NAZARA,Theme Parks & Gaming,"8,077.32",-1.8,0.49,-,0.01,3.84,142.78,3.46,,,,,,,,,
561,GALLANTT,Iron & Steel,"8,076.88",57.71,1.09,66.01,0.19,4.71,35.84,3.3,,,,,,,,,
562,GALAXYSURF,Specialty Chemicals,"8,069.32",-9.86,0.96,6.5,0.09,18.22,26.77,3.7,,,,,,,,,
563,SFL,Home Furnishing,"8,034.36",-30.16,0.77,-2.43,0.5,1.73,44.04,2.7,,,,,,,,,
564,KAMAHOLD,Conglomerates,"8,031.15",4.59,0.89,17.87,0.41,42.78,9.19,0.65,,,,,,,,,
565,AZAD,Renewable Energy Equipment & Services,"8,027.84",-,-,-,0.06,4.05,137.06,12.45,,,,,,,,,
566,INDIACEM,Cement,"8,021.69",3.43,0.52,27.93,0.47,162.41,-35.28,1.43,,,,,,,,,
567,CCL,Tea & Coffee,"8,007.00",3.85,0.68,19.21,0.97,4.73,32.02,4.78,,,,,,,,,
568,JKTYRE,Tires & Rubber,"8,002.75",29.2,1.2,33.82,1,1.88,10.18,1.74,,,,,,,,,
569,NATIONSTD,Real Estate,"7,993.90",-12.64,1.02,145.36,0,1.08,542.33,30.85,,,,,,,,,
570,GNFC,Fertilizers & Agro Chemicals,"7,988.43",-8.72,1.28,25.17,0,11.09,16.07,0.96,,,,,,,,,
571,PRUDENT,Asset Management,"7,983.41",44.82,-,-,0.04,11.64,57.53,16.59,,,,,,,,,
572,CANFINHOME,Home Financing,"7,969.94",-9.1,1.6,3.27,7.34,15.93,10.62,1.83,,,,,,,,,
573,KPIGREEN,Renewable Energy,"7,943.55",81.76,0.89,-,1.24,4.29,49.13,9.51,,,,,,,,,
574,SYMPHONY,Home Electronics & Appliances,"7,826.82",5.38,0.95,-3.73,0.23,-1.37,52.84,10.45,,,,,,,,,
575,GMRP&UI,Power Generation,"7,818.16",40.01,-,-,-,-1.49,-75.88,-2.62,,,,,,,,,
576,BIRLACORPN,Cement,"7,777.93",-9.44,1.13,6.49,0.58,4.06,18.49,1.17,,,,,,,,,
577,VESUVIUS,Industrial Machinery,"7,770.05",43.12,0.79,27.18,0.01,33.73,36.49,6.51,,,,,,,,,
578,BAJAJELEC,Home Electronics & Appliances,"7,727.93",-19.05,1.13,13.04,0.15,2.89,58.96,5.36,,,,,,,,,
579,LLOYDSENGG,Industrial Machinery,"7,701.78",59.39,0.93,167.82,0.18,0.31,96.47,18.73,,,,,,,,,
580,AURIONPRO,IT Services & Consulting,"7,648.18",79.12,0.59,127.41,0.09,8.81,54.25,8.09,,,,,,,,,
581,TCI,Logistics,"7,640.18",12.7,0.55,30.71,0.1,13.04,21.78,3.75,,,,,,,,,
582,GARFIBRES,Textiles,"7,607.73",3.52,0.87,22.57,0.1,4.8,36.54,6.17,,,,,,,,,
583,AKUMS,Pharmaceuticals,"7,604.58",-,-,-,0.78,4.26,"-1,886.99",10.55,,,,,,,,,
584,PNGJL,"Precious Metals, Jewellery & Watches","7,600.35",-,-,-,0.85,6.34,49.24,14.22,,,,,,,,,
585,EPL,Packaging,"7,584.18",11.07,0.79,4.82,0.44,2.93,35.57,3.63,,,,,,,,,
586,SYRMA,Electronic Equipments,"7,577.46",9.71,-,-,0.38,2.74,70.6,4.52,,,,,,,,,
587,MASTEK,IT Services & Consulting,"7,540.23",-14.21,1.79,41.95,0.25,30.68,25.11,3.61,,,,,,,,,
588,GSFC,Fertilizers & Agro Chemicals,"7,532.82",8.87,1.45,22.05,0,3.36,13.36,0.59,,,,,,,,,
589,CMSINFO,Software Services,"7,529.56",12.29,-,-,0,5.68,21.69,3.87,,,,,,,,,
590,SCI,Logistics,"7,522.19",20.83,1.12,30.26,0.39,1.62,11.08,1,,,,,,,,,
591,CHENNPETRO,Oil & Gas - Refining & Marketing,"7,521.51",59.49,1.13,34.86,0.25,1.4,2.74,0.81,,,,,,,,,
592,CERA,Building Products - Ceramics,"7,514.01",8.92,0.47,18.72,0.03,35.52,31.44,5.53,,,,,,,,,
593,EPIGRAL,Commodity Chemicals,"7,498.40",25.06,1.51,-,0.69,24.25,38.28,5.73,,,,,,,,,
594,INDIASHLTR,Home Financing,"7,489.80",-,-,-,1.49,8.94,30.25,3.26,,,,,,,,,
595,BLACKBUCK,Logistics,"7,426.23",-,-,-,0.59,-2.8,-38.29,23.86,,,,,,,,,
596,SANSERA,Auto Parts,"7,412.97",13.84,1.43,-,0.65,9.19,39.9,5.44,,,,,,,,,
597,JUSTDIAL,Online Services,"7,380.22",1.51,1.38,11.72,0.02,13.61,20.34,1.83,,,,,,,,,
598,ISGEC,Heavy Machinery,"7,311.41",15.65,1.2,-,0.31,2.73,30.01,2.79,,,,,,,,,
599,RAYMONDLSL,Apparel & Accessories,"7,284.33",-,-,-,0,10.53,3.3,3.11,,,,,,,,,
600,BORORENEW,Housewares,"7,283.68",-1.1,2.08,21.43,0.65,-2.05,-155.27,8.16,,,,,,,,,
601,HONASA,FMCG - Personal Products,"7,269.24",-,-,-,0.12,0.8,65.04,6.64,,,,,,,,,
602,ESABINDIA,Industrial Machinery,"7,264.66",17.65,0.7,25.11,0.01,26.24,44.57,23.74,,,,,,,,,
603,HGINFRA,Construction & Engineering,"7,227.80",14.29,1.06,34.37,0.62,17.66,13.42,2.94,,,,,,,,,
604,IIFLCAPS,Diversified Financials,"7,225.30",33.08,1.28,32.92,0.65,6.39,14.1,4.04,,,,,,,,,
605,RCF,Fertilizers & Agro Chemicals,"7,203.94",14.06,1.57,24.99,0.72,1.45,31.98,1.56,,,,,,,,,
606,MAXESTATES,Real Estate,"7,182.77",-,-,-,0.66,1.04,-170.37,4.95,,,,,,,,,
607,PARADEEP,Fertilizers & Agro Chemicals,"7,182.00",24.76,-,-,1.13,1.95,71.88,2.01,,,,,,,,,
608,BBOX,Software Services,"7,161.68",37.59,1.34,39.9,1.48,3.33,52.02,14.89,,,,,,,,,
609,NETWORK18,Movies & TV Serials,"7,141.00",-18.42,1.14,8.68,0.29,-9.38,-34.61,0.25,,,,,,,,,
610,JINDWORLD,Textiles,"7,125.49",11.8,0.81,42.7,1.23,0.92,94.19,9.91,,,,,,,,,
611,ANURAS,Specialty Chemicals,"7,036.16",-11.68,1.25,-,0.37,2.57,54.71,2.4,,,,,,,,,
612,TRANSRAILL,Power Infrastructure,"7,021.59",-,-,-,0.59,7.48,30.11,6.16,,,,,,,,,
613,DBREALTY,Real Estate,"7,008.13",18.06,0.84,73.41,0.42,0.08,5.31,1.36,,,,,,,,,
614,VARROC,Auto Parts,"6,998.38",1.71,1.9,2.62,0.91,-3.1,13.3,4.59,,,,,,,,,
615,CARTRADE,Online Services,"6,979.27",38.75,0.15,-,0.05,8.95,488.06,3.24,,,,,,,,,
616,SUDARSCHEM,Diversified Chemicals,"6,978.45",10.37,0.65,13.77,0.41,0.01,19.52,6.07,,,,,,,,,
617,HCG,Hospitals & Diagnostic Centres,"6,966.65",26.3,0.58,35.89,1.47,0.5,144.75,8.05,,,,,,,,,
618,HEG,Electrical Components & Equipments,"6,932.72",9.61,2.05,12.43,0.14,4.32,22.24,1.57,,,,,,,,,
619,AARTIPHARM,Labs & Life Sciences Services,"6,927.00",56.05,-,-,0.16,8.16,31.94,3.94,,,,,,,,,
620,SANDUMA,Mining - Diversified,"6,926.99",-,-,61.12,0.06,8.48,28.93,3.21,,,,,,,,,
621,PCJEWELLER,"Precious Metals, Jewellery & Watches","6,918.23",78.13,2.19,46.35,1.42,0.29,-10.99,2.36,,,,,,,,,
622,PNCINFRA,Construction & Engineering,"6,904.75",-5.19,1.53,6.3,1.55,3.17,7.59,1.33,,,,,,,,,
623,VOLTAMP,Heavy Electrical Equipments,"6,899.98",39.58,0.8,37.01,0,72.55,22.45,5.1,,,,,,,,,
624,AJAXENGG,Construction & Engineering,"6,899.87",-,-,-,0.01,-,30.65,7.52,,,,,,,,,
625,GABRIEL,Auto Parts,"6,898.50",45.01,1.56,36.7,0.07,4.18,38.59,6.88,,,,,,,,,
626,ELANTAS,Electrical Components & Equipments,"6,825.30",34.23,0.4,23.36,0,37.52,48.9,9.32,,,,,,,,,
627,EQUITASBNK,Private Banks,"6,800.83",3.35,0.83,-,0,0.58,8.51,1.14,,,,,,,,,
628,KIRLPNU,Industrial Machinery,"6,791.82",-,-,48.01,0,5.67,50.96,7.35,,,,,,,,,
629,GREENLAM,Building Products - Laminates,"6,769.71",14.02,1.33,22.23,1.03,0.98,48.91,6.29,,,,,,,,,
630,GOKEX,Apparel & Accessories,"6,753.58",36.92,0.95,71.23,0.62,7.04,51.57,5.23,,,,,,,,,
631,NHIT,Roads,"6,746.84",-,-,-,0.82,0.57,22.93,0.47,,,,,,,,,
632,SHAILY,Industrial Machinery,"6,716.44",42.54,-,-,0.46,5.49,117.24,14.63,,,,,,,,,
633,KOVAI,Hospitals & Diagnostic Centres,"6,710.40",44.83,0.67,-,0.35,52.83,37.34,7.55,,,,,,,,,
634,EBBETF0430,Debt,"6,636.67",6.93,-,7.08,-,-,-,-,,,,,,,,,
635,TANLA,Software Services,"6,635.29",-42.45,2,45.04,0.04,8.82,12.1,3.42,,,,,,,,,
636,TMB,Private Banks,"6,615.92",-9.5,-,-,0,18.96,6.17,0.84,,,,,,,,,
637,ORIENTCEM,Cement,"6,611.72",24.02,1.08,31.51,0.1,0.49,37.81,3.79,,,,,,,,,
638,KESORAMIND,Tires & Rubber,"6,609.99",40.78,1.86,42.04,16.45,-2.23,-17.21,48.76,,,,,,,,,
639,SHILPAMED,Pharmaceuticals,"6,608.71",15.89,1.28,7.71,0.52,3.25,207.36,3.67,,,,,,,,,
640,CHEMPLASTS,Building Products - Pipes,"6,605.03",-7.69,1.17,-,0.91,-3.06,-41.69,3.88,,,,,,,,,
641,PGIL,Apparel & Accessories,"6,601.46",67.78,0.4,82.97,0.72,12.52,37.76,8.08,,,,,,,,,
642,GPPL,Ports,"6,583.00",10.87,0.67,11.87,0.03,2.06,19.25,2.85,,,,,,,,,
643,RUSTOMJEE,Real Estate,"6,581.62",-10.11,-,-,0.61,1.2,58.65,3.67,,,,,,,,,
644,MOIL,Mining - Manganese,"6,574.61",17.75,0.75,18.45,0,3.13,22.41,2.68,,,,,,,,,
645,KNRCON,Construction & Engineering,"6,569.64",-14.35,1,10.78,0.36,8.84,8.45,1.88,,,,,,,,,
646,FDC,Pharmaceuticals,"6,561.25",11.41,0.76,10.04,0.01,2.28,21.5,3.13,,,,,,,,,
647,ROUTE,IT Services & Consulting,"6,547.81",-15.35,1.1,-,0.17,13.1,17.46,3.02,,,,,,,,,
648,HNDFDS,FMCG - Foods,"6,540.18",7.55,1.14,30.94,1.13,2.44,70.32,10.11,,,,,,,,,
649,SWSOLAR,Renewable Energy Equipment & Services,"6,502.82",-6.42,2.39,4.18,0.54,0.64,-30.69,6.81,,,,,,,,,
650,BBETF0432,Debt,"6,496.91",-,-,-,-,-,-,-,,,,,,,,,
651,RENUKA,Sugar,"6,440.81",-4.07,1.26,33.64,-,-0.96,-10.27,-4.48,,,,,,,,,
652,NESCO,Real Estate,"6,429.47",11.99,0.76,4.66,0,15.6,17.72,2.8,,,,,,,,,
653,KTKBANK,Private Banks,"6,424.81",29.28,1.24,19.66,0,7.51,4.92,0.59,,,,,,,,,
654,DBL,Construction & Engineering,"6,418.11",12.04,1.43,4.83,1.66,10.78,33.08,1.47,,,,,,,,,
655,RTNINDIA,Power Trading & Consultancy,"6,397.65",-5.38,1.1,73.46,1.4,-1.23,15.01,7.57,,,,,,,,,
656,MHRIL,"Hotels, Resorts & Cruise Lines","6,394.78",10.09,0.74,16.22,5.13,1.73,55.35,11.99,,,,,,,,,
657,MANORAMA,Packaged Foods & Meats,"6,376.50",62.77,-,-,1.03,5.11,159.02,18.92,,,,,,,,,
658,ANUP,Textiles,"6,368.12",70.51,0.85,61.96,0.04,15.11,61.55,12.05,,,,,,,,,
659,ETHOSLTD,"Precious Metals, Jewellery & Watches","6,353.04",46.46,-,-,0.16,12.05,76.27,7.19,,,,,,,,,
660,ENERGYINF,Oil & Gas - Storage & Transportation,"6,347.84",-,-,-,0.98,-,7.72,0.97,,,,,,,,,
661,IONEXCHANG,Environmental Services,"6,337.06",33.98,-,-,0.15,4.1,32.33,6.21,,,,,,,,,
662,LLOYDSENT,Iron & Steel,"6,325.01",-,-,104.5,0.06,0.33,53.8,3.09,,,,,,,,,
663,RATEGAIN,Software Services,"6,323.16",15.92,-,-,0.01,4.8,43.49,4.36,,,,,,,,,
664,EMUDHRA,IT Services & Consulting,"6,316.88",47.72,-,-,0.01,2.58,84.16,9.54,,,,,,,,,
665,WELENT,Construction & Engineering,"6,312.76",56.89,1.12,44.78,0.31,5.2,21.39,2.54,,,,,,,,,
666,SOUTHBANK,Private Banks,"6,289.57",38.02,1.36,21.96,0,1.31,5.88,0.71,,,,,,,,,
667,KRBL,Packaged Foods & Meats,"6,286.46",9.32,1.39,-1.37,0.11,5.79,10.55,1.29,,,,,,,,,
668,INTERISE,-,"6,266.15",-,-,1.48,1.38,-9.54,-39.88,1.02,,,,,,,,,
669,ELECTCAST,Building Products - Pipes,"6,264.68",27.78,1.21,45.95,0.46,2.59,8.47,1.22,,,,,,,,,
670,UJJIVANSFB,Private Banks,"6,259.03",17.15,1.22,-9.49,0,0.56,4.88,1.11,,,,,,,,,
671,HMT,Industrial Machinery,"6,229.97",26.05,1.28,35.69,-,-1.44,2.44,-3.56,,,,,,,,,
672,MANINFRA,Construction & Engineering,"6,214.80",11.7,1.39,54.6,0.09,2.25,20.69,4.1,,,,,,,,,
673,PDSL,Textiles,"6,200.43",8.27,0.69,40.82,0.85,1.77,42.99,4.98,,,,,,,,,
674,THOMASCOOK,Tour & Travel Services,"6,173.41",19.41,1.64,21.78,0.21,1.14,23.83,3.04,,,,,,,,,
675,DODLA,FMCG - Foods,"6,170.03",26.25,0.69,-,0.04,10.54,37.01,5.42,,,,,,,,,
676,INA,Renewable Energy,"6,160.79",145.99,-,-,0.89,-,111.07,56.87,,,,,,,,,
677,PRSMJOHNSN,Cement,"6,146.99",-4.16,1.66,13.81,1.35,0.96,33.94,3.72,,,,,,,,,
678,POWERMECH,Construction & Engineering,"6,133.09",46.83,1.68,39.62,0.22,25.94,24.72,3.33,,,,,,,,,
679,TVSSCS,Logistics,"6,120.25",-,-,-,1.19,-0.56,-60.47,3.32,,,,,,,,,
680,GREAVESCOT,Industrial Machinery,"6,117.75",5.44,1.25,13.57,0.05,0.9,-45.23,3.65,,,,,,,,,
681,PRIVISCL,Specialty Chemicals,"6,075.03",-6.13,0.88,19.95,1.07,11.38,64.01,6.46,,,,,,,,,
682,DHANUKA,Fertilizers & Agro Chemicals,"6,041.17",17.07,1.12,21.01,0.02,12.25,25.27,4.81,,,,,,,,,
683,VMART,Retail - Department Stores,"6,028.86",-8.58,1.47,4.6,1.86,36.18,-62.31,8.07,,,,,,,,,
684,STAR,Pharmaceuticals,"6,008.09",45.95,1.18,23.74,1.21,9.56,-85.08,2.9,,,,,,,,,
685,NIITMTS,Education Services,"5,997.82",-,-,-,0.14,4.54,28.13,6.14,,,,,,,,,
686,ACI,Commodity Chemicals,"5,962.79",-3.49,-,-,0.06,3.89,18.69,3.5,,,,,,,,,
687,SPICEJET,Airlines,"5,948.30",-9.01,1.97,-12.95,-,2.01,-14.07,-1.14,,,,,,,,,
688,TIIL,Industrial Machinery,"5,924.18",31.33,1.12,52.65,0.39,18.03,22.42,3.46,,,,,,,,,
689,SHOPERSTOP,Retail - Department Stores,"5,860.65",11.82,1.25,8.01,9.24,4.75,75.87,19.44,,,,,,,,,
690,SUNTECK,Real Estate,"5,844.18",-11.96,1.12,0.52,0.12,2.9,82.39,1.87,,,,,,,,,
691,BALUFORGE,Construction & Engineering,"5,842.01",-,-,77.15,0.09,5.52,62.37,10.56,,,,,,,,,
692,PICCADIL,Sugar,"5,817.43",122.1,0.5,139.11,0.51,2.63,53.01,17.12,,,,,,,,,
693,SUNDARMHLD,Diversified Financials,"5,794.26",39.73,0.71,36.53,0,4.76,10.87,1.21,,,,,,,,,
694,ICIL,Textiles,"5,789.13",11.78,1.83,35.14,0.46,3.81,17.13,2.77,,,,,,,,,
695,GHCL,Commodity Chemicals,"5,787.42",9.71,1.32,30.07,0.07,17.7,7.29,1.94,,,,,,,,,
696,ASTRAMICRO,Communication & Networking,"5,761.26",33.4,1.66,43.72,0.25,5,47.59,5.96,,,,,,,,,
697,PROTEAN,IT Services & Consulting,"5,753.60",-,-,-,0.02,5.66,59.14,6.21,,,,,,,,,
698,TEXRAIL,Rail,"5,738.35",51.01,1.34,39.24,0.25,1.92,50.69,2.27,,,,,,,,,
699,BANSALWIRE,Iron & Steel,"5,726.03",-,-,-,1.48,2.66,74.2,12.42,,,,,,,,,
700,ENTERO,Pharmaceuticals,"5,724.09",-,-,-,0.21,5.85,146.36,3.49,,,,,,,,,
701,SUPRAJIT,Auto Parts,"5,715.50",3.91,1.2,16.86,0.52,2.44,34.17,4.2,,,,,,,,,
702,JUNIPER,"Hotels, Resorts & Cruise Lines","5,692.72",-,-,-,0.47,1.46,239.29,2.14,,,,,,,,,
703,RESPONIND,Building Products - Granite,"5,612.64",-2.71,0.71,18.55,0.19,1.76,34.8,4.94,,,,,,,,,
704,ARVINDFASN,Textiles,"5,603.87",10.19,1.29,2.52,0.96,2.01,69.49,4.7,,,,,,,,,
705,ICRA,Stock Exchanges & Ratings,"5,584.91",12.93,0.44,13.74,0.01,43.69,36.96,5.69,,,,,,,,,
706,GULFOILLUB,Commodity Chemicals,"5,540.83",30.29,0.99,8.52,0.27,19.89,17.99,4.05,,,,,,,,,
707,PURVA,Real Estate,"5,538.63",21.97,1.51,32.8,1.76,-3.9,131.06,2.93,,,,,,,,,
708,INFIBEAM,IT Services & Consulting,"5,520.34",-0.77,1.45,7.32,0.02,0.23,34.91,1.6,,,,,,,,,
709,MAHLIFE,Real Estate,"5,507.17",-0.39,1.23,21.89,0.47,-1.45,56.05,2.94,,,,,,,,,
710,ASHOKA,Construction & Engineering,"5,490.95",22.45,1.9,14.47,2.17,23.32,10.91,2.21,,,,,,,,,
711,V2RETAIL,Retail - Apparel,"5,484.31",83.93,1.82,80.85,1.91,14.8,197.06,19.96,,,,,,,,,
712,IXIGO,Online Services,"5,472.86",-,-,-,0.1,0.4,72.21,12.27,,,,,,,,,
713,RAJESHEXPO,"Precious Metals, Jewellery & Watches","5,468.80",-41.55,0.48,-22.54,0.04,1.54,16.3,0.36,,,,,,,,,
714,REFEX,Commodity Chemicals,"5,445.03",98.47,2.83,98.87,0.46,3.99,58.01,11.72,,,,,,,,,
715,SUNCLAY,Auto Parts,"5,372.87",-,-,-,2.38,-20.34,-44.73,8.95,,,,,,,,,
716,UEL,Renewable Energy,"5,369.71",170.38,1.19,176.43,0.21,0.37,185.42,60.24,,,,,,,,,
717,AVL,Retail - Speciality,"5,334.37",-,-,174.28,0.65,1.89,69.21,10.96,,,,,,,,,
718,SENCO,"Precious Metals, Jewellery & Watches","5,314.71",-,-,-,1.29,1.07,29.36,3.89,,,,,,,,,
719,DIACABS,Electrical Components & Equipments,"5,310.81",-,1.71,-,-,0.12,312.03,-5.46,,,,,,,,,
720,RTNPOWER,Power Generation,"5,289.55",26.67,1.2,28.15,0.67,0.01,0.59,1.12,,,,,,,,,
721,LXCHEM,Specialty Chemicals,"5,280.90",-32.8,2.05,-,0.08,1.06,43.81,2.94,,,,,,,,,
722,PRICOLLTD,Auto Parts,"5,279.91",42.85,0.49,60.48,0.07,3.4,37.55,6.25,,,,,,,,,
723,KRN,Electrical Components & Equipments,"5,258.14",-,-,-,0.66,2.12,134.58,39.94,,,,,,,,,
724,TDPOWERSYS,Heavy Electrical Equipments,"5,205.60",51.69,1.5,58.38,0,2.88,43.98,7.38,,,,,,,,,
725,UNIMECH,Aerospace & Defense Equipments,"5,170.62",-,-,-,0.28,3.37,88.93,47.62,,,,,,,,,
726,GOLDBEES,Gold,"5,168.88",9.52,-0.01,14.38,-,-,-,-,,,,,,,,,
727,THANGAMAYL,"Precious Metals, Jewellery & Watches","5,150.45",42.29,1.55,50.03,1.08,17.01,41.79,10.44,,,,,,,,,
728,SUPRIYA,Pharmaceuticals,"5,149.69",11.01,-,-,0.01,5.82,43.23,6.32,,,,,,,,,
729,INDIGOPNTS,Paints,"5,135.74",-19.47,0.8,-,0.02,7.56,34.86,5.69,,,,,,,,,
730,JKIL,Construction & Engineering,"5,124.07",46.7,0.97,37.39,0.22,13.21,15.49,1.94,,,,,,,,,
731,SURYAROSNI,Iron & Steel,"5,102.86",27.5,2,42.27,0.01,2.07,15.5,2.36,,,,,,,,,
732,MIDHANI,Metals - Diversified,"5,079.72",10.07,0.99,3.47,0.33,1.36,55.35,3.85,,,,,,,,,
733,EMIL,Home Electronics & Appliances,"5,024.82",16.63,-,-,1.15,0.82,27.32,3.67,,,,,,,,,
734,GMMPFAUDLR,Industrial Machinery,"5,016.10",-11.52,0.83,0.35,0.93,9.23,28.04,5.15,,,,,,,,,
735,KSCL,Seeds,"5,014.26",19.67,0.64,16.62,0,2.97,16.78,4.06,,,,,,,,,
736,SKYGOLD,"Precious Metals, Jewellery & Watches","5,011.23",144.81,-,104.1,1.27,2.52,123.76,20.53,,,,,,,,,
737,JKPAPER,Paper Products,"4,996.52",3.9,1.33,17.9,0.41,3.86,4.45,0.95,,,,,,,,,
738,GAEL,Agro Products,"4,957.31",2.02,0.74,21.48,0.07,1.56,14.33,1.79,,,,,,,,,
739,UNICHEMLAB,Pharmaceuticals,"4,844.97",32.63,0.15,38.12,0.1,8.22,-68.75,2.05,,,,,,,,,
740,CSBBANK,Private Banks,"4,844.11",6.72,0.82,11.77,0,8.74,8.55,1.27,,,,,,,,,
741,IFBIND,Auto Parts,"4,827.41",11.21,1.75,18.16,0.23,7.67,95.86,6.73,,,,,,,,,
742,AWFIS,Business Support Services,"4,816.26",-,-,-,2.92,2.15,-274.12,19.16,,,,,,,,,
743,HCC,Construction & Engineering,"4,804.99",19.25,1.76,24.36,-,-0.23,10.05,-28.52,,,,,,,,,
744,SHARDACROP,Fertilizers & Agro Chemicals,"4,793.87",-1.47,1.22,19.79,0.01,3.45,150.37,2.14,,,,,,,,,
745,SHAREINDIA,Investment Banking & Brokerage,"4,786.43",-4.46,1.26,-,0.23,3.66,11.25,2.72,,,,,,,,,
746,CEIGALL,Construction & Engineering,"4,786.28",-,-,-,1.18,4.06,15.63,5.28,,,,,,,,,
747,INOXGREEN,Heavy Electrical Equipments,"4,751.77",30.04,-,-,0.13,0.13,170.25,3.52,,,,,,,,,
748,TI,Alcoholic Beverages,"4,736.29",41.21,0.77,67.06,0.19,2.79,34.32,7.24,,,,,,,,,
749,VSTIND,FMCG - Tobacco,"4,724.33",-0.07,0.8,-6.73,0,8.02,15.67,3.77,,,,,,,,,
750,SIS,Business Support Services,"4,715.45",-12.73,0.72,-11.64,0.69,7.08,24.81,1.95,,,,,,,,,
751,SKIPPER,Power Infrastructure,"4,711.92",66.06,1.1,62.19,0.66,3.35,57.69,5.25,,,,,,,,,
752,WEBELSOLAR,Renewable Energy Equipment & Services,"4,703.48",89.33,1.63,112.95,1.7,9.85,-38.88,43.66,,,,,,,,,
753,SHARDAMOTR,Auto Parts,"4,676.43",23.07,1.98,55.8,0.02,25.63,15.61,4.65,,,,,,,,,
754,KENNAMET,Industrial Machinery,"4,672.13",2.7,0.91,15.82,0,10.08,42.28,6.37,,,,,,,,,
755,AGI,Packaging,"4,668.56",34.5,1.35,66.97,0.34,13.99,18.58,2.57,,,,,,,,,
756,ORCHPHARMA,Pharmaceuticals,"4,657.28",41.05,3.44,-,0.12,4.1,50.53,3.98,,,,,,,,,
757,BANCOINDIA,Auto Parts,"4,652.29",50.82,1.33,46.97,0.4,2.16,17.14,4.42,,,,,,,,,
758,ZAGGLE,Software Services,"4,641.49",-,-,-,0.15,1.61,105.44,8.07,,,,,,,,,
759,VIPIND,Apparel & Accessories,"4,611.38",-25.43,1.18,-6.33,1.29,-0.88,84.92,6.8,,,,,,,,,
760,HEIDELBERG,Cement,"4,596.17",-3.82,1.01,0.28,0.09,0.23,27.4,3.13,,,,,,,,,
761,AVALON,Electronic Equipments,"4,580.70",-,-,-,0.26,3.63,163.77,7.63,,,,,,,,,
762,ORIENTELEC,Home Electronics & Appliances,"4,574.99",-17.47,0.6,-4.92,0.17,1.27,60.78,7.16,,,,,,,,,
763,NIRLON,Real Estate,"4,573.04",8.93,0.36,11.23,3.07,6.47,22.25,12.26,,,,,,,,,
764,ITDC,Tour & Travel Services,"4,568.94",13.73,1.66,12.38,0,2.43,64.96,12.08,,,,,,,,,
765,BALAMINES,Specialty Chemicals,"4,568.70",-30.98,2.04,27.63,0.01,10.24,22.3,2.41,,,,,,,,,
766,MPSLTD,Publishing,"4,553.61",51.44,0.93,50.06,0.01,24,38.34,9.9,,,,,,,,,
767,STLTECH,Telecom Equipments,"4,529.54",-26.17,1.33,-3.9,1.67,-0.48,-88.81,2.24,,,,,,,,,
768,NEOGEN,Specialty Chemicals,"4,522.21",1.85,1.24,28.45,0.54,3.8,126.85,5.95,,,,,,,,,
769,TINPLATE,Iron & Steel,"4,505.94",24.17,1.3,25.41,0.01,-0.22,31.55,3.57,,,,,,,,,
770,INNOVACAP,Pharmaceuticals,"4,487.29",-,-,-,0.29,5.97,47.57,5.4,,,,,,,,,
771,PTC,Power Trading & Consultancy,"4,479.79",14.64,1.18,23.68,0.72,5.32,9.39,0.74,,,,,,,,,
772,JCHAC,Home Electronics & Appliances,"4,472.76",1.38,0.64,-11.11,0.08,-1.2,-59.08,7.67,,,,,,,,,
773,NIFTYBEES,Equity,"4,449.40",2.23,0.97,14.76,-,-,-,-,,,,,,,,,
774,JSLL,Pharmaceuticals,"4,445.62",115.5,-,-,0,-,64.23,23.12,,,,,,,,,
775,PILANIINVS,Asset Management,"4,438.03",22,1.27,26.78,0.06,12.07,26.66,0.3,,,,,,,,,
776,JSFB,Private Banks,"4,414.08",-,-,-,0,10.57,6.59,1.23,,,,,,,,,
777,HIKAL,Pharmaceuticals,"4,409.85",-4.54,1.73,23.18,0.69,1.39,63.36,3.71,,,,,,,,,
778,BONDADA,Construction & Engineering,"4,407.34",-,-,-,0.37,-,98.55,26.25,,,,,,,,,
779,RAIN,Commodity Chemicals,"4,396.71",-24.77,1.57,5,1.12,-5.33,-4.69,0.57,,,,,,,,,
780,STYRENIX,Commodity Chemicals,"4,392.98",28.05,1.02,26.99,0.04,27.12,25.37,6.08,,,,,,,,,
781,BANARISUG,Sugar,"4,389.40",9.08,1.2,19.17,0.29,22.98,28.82,2.6,,,,,,,,,
782,DYNAMATECH,Auto Parts,"4,385.88",36.77,1.72,47.69,0.88,5.2,36.01,6.57,,,,,,,,,
783,E2E,Software Services,"4,377.80",113.94,0.7,-,2.03,7.35,200.27,61.78,,,,,,,,,
784,MASFIN,Diversified Financials,"4,360.32",4.72,1.31,-7.91,4.08,3.88,17.37,2.4,,,,,,,,,
785,BHARATRAS,Fertilizers & Agro Chemicals,"4,357.53",-1.97,0.97,5.58,0.08,97.54,45.62,4.41,,,,,,,,,
786,MTARTECH,Industrial Machinery,"4,355.10",-14.15,0.34,-,0.28,5.19,77.62,6.44,,,,,,,,,
787,AHLUCONT,Construction & Engineering,"4,353.19",13.16,1.29,14.65,0.07,7.37,11.61,2.72,,,,,,,,,
788,EASEMYTRIP,Tour & Travel Services,"4,330.87",-14.12,1.51,-,0.03,0.09,42,6.93,,,,,,,,,
789,GOCOLORS,Apparel & Accessories,"4,315.59",-10.19,-,-,0.78,4.5,52.12,7.15,,,,,,,,,
790,OPTIEMUS,Technology Hardware,"4,302.88",28.1,1.65,82.66,0.38,1.75,75.81,10.09,,,,,,,,,
791,FISCHER,Power Trading & Consultancy,"4,275.72",105.73,0.69,69.87,0.02,-0.05,"2,336.46",52.72,,,,,,,,,
792,PQIF,FMCG - Household Products,"4,272.42",51.33,-0.01,99.77,0.08,0.02,"1,483.48",22.67,,,,,,,,,
793,GUJALKALI,Commodity Chemicals,"4,254.20",-10.31,1.48,9.83,0.09,-1.53,-17.96,0.7,,,,,,,,,
794,GOLDIAM,"Precious Metals, Jewellery & Watches","4,252.05",28.85,1.52,67.61,0.01,4.66,46.82,6.69,,,,,,,,,
795,RALLIS,Fertilizers & Agro Chemicals,"4,243.31",-9.35,1.05,-2.27,0.07,0.56,28.7,2.32,,,,,,,,,
796,NFL,Fertilizers & Agro Chemicals,"4,242.03",17.53,1.39,29.38,1.6,0.93,28.27,1.66,,,,,,,,,
797,SHILCTECH,Electronic Equipments,"4,229.98",136.7,0.27,139.76,0,45.59,46.04,20.18,,,,,,,,,
798,SUNFLAG,Iron & Steel,"4,218.04",49.23,1.02,44.08,0.14,2.78,29.39,0.82,,,,,,,,,
799,RSYSTEMS,IT Services & Consulting,"4,213.45",12.24,0.55,29.44,0.15,3.3,32.12,4.94,,,,,,,,,
800,SPARC,Pharmaceuticals,"4,200.28",-27.9,1.55,-4.99,0.49,-2.45,-10.85,33.4,,,,,,,,,
801,ROLEXRINGS,Industrial Machinery,"4,170.51",-0.85,0.64,-,0.02,7.41,26.73,4.64,,,,,,,,,
802,LUXIND,Apparel & Accessories,"4,153.05",-22.28,1.12,-2.35,0.13,10.66,32.06,2.67,,,,,,,,,
803,JISLJALEQS,Agricultural & Farm Machinery,"4,150.72",14,1.86,57.08,0.73,0.01,91.75,0.74,,,,,,,,,
804,GOKULAGRO,Packaged Foods & Meats,"4,138.59",52.84,1.2,85.2,0.77,4.91,30.48,5.26,,,,,,,,,
805,SUBROS,Auto Parts,"4,136.93",17.63,1.22,19.1,0.01,5.05,42.38,4.33,,,,,,,,,
806,LGBBROSLTD,Industrial Machinery,"4,133.74",21.23,0.92,35.7,0.07,23.61,15.23,2.51,,,,,,,,,
807,VRLLOG,Logistics,"4,120.64",-1.24,0.95,13.9,1.1,6.79,46.38,4.36,,,,,,,,,
808,EIEL,Water Management,"4,118.81",-,-,-,0.8,2.59,37.99,14.17,,,,,,,,,
809,WPIL,Industrial Machinery,"4,065.06",61.91,1.04,49.18,0.14,3.21,8.56,2.61,,,,,,,,,
810,SHREMINVIT,Roads,"4,060.89",-,-,-,1.21,3.94,3.89,0.67,,,,,,,,,
811,GRAUWEIL,Specialty Chemicals,"4,049.87",34.83,1.03,-,0.03,0.95,27.68,5.03,,,,,,,,,
812,VAIBHAVGBL,Apparel & Accessories,"4,048.03",-18.9,0.95,0.75,0.17,3.85,31.65,3.22,,,,,,,,,
813,WONDERLA,Theme Parks & Gaming,"4,022.97",34.01,0.9,22.06,0.01,3.44,25.47,3.68,,,,,,,,,
814,LSIND,Textiles,"4,020.85",-,-,-,0,0.04,"-1,214.76",65.8,,,,,,,,,
815,HAWKINCOOK,Housewares,"3,991.03",10.91,0.74,7.56,0.09,40.09,36.33,11.97,,,,,,,,,
816,SEQUENT,Pharmaceuticals,"3,985.99",5.61,0.71,11.12,0.68,0.14,-111.12,5.59,,,,,,,,,
817,MCLOUD,IT Services & Consulting,"3,975.64",-,-,131.3,0.69,0.5,38.67,9.77,,,,,,,,,
818,DBCORP,Publishing,"3,969.81",34.55,0.87,12.88,0.11,6.62,9.33,1.79,,,,,,,,,
819,RPGLIFE,Pharmaceuticals,"3,919.83",51.11,0.94,53.6,0,21.12,44.72,10.46,,,,,,,,,
820,GUFICBIO,Pharmaceuticals,"3,858.68",18.75,1.28,39.31,0.63,1.93,44.8,7.25,,,,,,,,,
821,THYROCARE,Hospitals & Diagnostic Centres,"3,845.97",-5.58,0.59,3.46,0.08,3.58,54.35,7.29,,,,,,,,,
822,LUMAXTECH,Auto Parts,"3,814.11",38.42,1.58,39.18,0.8,6.58,29.3,3.76,,,,,,,,,
823,KITEX,Apparel & Accessories,"3,801.67",32.36,0.95,28.11,0.66,2.06,67.49,3.68,,,,,,,,,
824,BHAGCHEM,Fertilizers & Agro Chemicals,"3,777.91",41.36,1.23,-,0.15,0.28,207.24,9.13,,,,,,,,,
825,HEMIPROP,Real Estate,"3,775.11",2,0.61,-,0.18,-0.08,-384.43,10.6,,,,,,,,,
826,BOROLTD,Housewares,"3,766.04",2.35,1.44,-,0.28,2.97,57.17,6.49,,,,,,,,,
827,GOPAL,FMCG - Foods,"3,763.67",-,-,-,0.17,0.43,37.8,9.64,,,,,,,,,
828,TARC,Real Estate,"3,760.12",39.17,1.34,-,1.09,-0.97,-48.81,2.95,,,,,,,,,
829,ASHAPURMIN,Metals - Diversified,"3,758.47",48.91,1.19,59.34,1.07,11.15,13.1,4.1,,,,,,,,,
830,EPACK,Home Electronics & Appliances,"3,740.82",-,-,-,0.43,0.26,105.73,4.19,,,,,,,,,
831,SGMART,Renewable Electricity,"3,735.85",98.13,0.02,128.31,0.17,2.5,61.3,3.44,,,,,,,,,
832,GREENPANEL,Wood Products,"3,730.94",-20.89,1.44,40.87,0.22,2.43,26.15,2.83,,,,,,,,,
833,IRBINVIT,Roads,"3,730.87",7.88,1.02,4.89,0.78,1.57,10,0.95,,,,,,,,,
834,MON100,Equity,"3,724.73",9.79,0.38,24.26,-,-,-,-,,,,,,,,,
835,CIGNITITEC,Software Services,"3,721.36",33.2,0.39,37.8,0.08,23.28,22.47,5.04,,,,,,,,,
836,YATHARTH,Hospitals & Diagnostic Centres,"3,708.68",-,-,-,0.1,3.57,32.4,4.24,,,,,,,,,
837,DHANI,Investment Banking & Brokerage,"3,708.06",2.33,1.7,-21.55,0.2,0.08,-9.88,1.07,,,,,,,,,
838,ARTEMISMED,Business Support Services,"3,698.06",58.24,1.61,64.81,0.7,1.32,75.27,8.13,,,,,,,,,
839,TCNSBRANDS,Apparel & Accessories,"3,697.20",-7.38,1.46,-0.18,0.89,-9.42,-12.81,6.04,,,,,,,,,
840,HERITGFOOD,FMCG - Foods,"3,692.82",29.24,1.5,16.4,0.16,4.64,34.66,4.57,,,,,,,,,
841,MOSCHIP,Plastic Products,"3,690.68",-,-,78.68,0.26,0.58,373.93,13.7,,,,,,,,,
842,PAISALO,Consumer Finance,"3,672.81",13.33,1.72,24.62,2,0.7,20.52,2.76,,,,,,,,,
843,KDDL,"Precious Metals, Jewellery & Watches","3,660.94",46.17,1.59,60.63,0.22,26.1,35.66,3.2,,,,,,,,,
844,IMAGICAA,Theme Parks & Gaming,"3,645.54",62.6,1.66,80.08,0.32,0.06,6.74,4.59,,,,,,,,,
845,POLYPLEX,Commodity Chemicals,"3,644.98",-19.92,1.5,16.93,0.13,18.4,96.38,0.63,,,,,,,,,
846,KIRLOSIND,Investment Banking & Brokerage,"3,644.72",24.81,1.13,40.8,0.18,23.09,18.19,0.54,,,,,,,,,
847,FIEMIND,Auto Parts,"3,637.51",28.32,1.4,41.37,0.03,17.86,21.95,4.1,,,,,,,,,
848,TCPLPACK,Packaging,"3,635.06",56.42,1.54,69.4,0.96,41.46,35.86,6.91,,,,,,,,,
849,INDRAMEDCO,Hospitals & Diagnostic Centres,"3,634.83",64.15,0.76,56.27,0.07,3.58,29.32,7.61,,,,,,,,,
850,PATELENG,Construction & Engineering,"3,629.54",17.73,1.89,23.64,0.6,0.95,12.51,1.15,,,,,,,,,
851,HARSHA,Industrial Machinery,"3,623.56",-14.56,-,-,0.15,2.93,32.52,3.08,,,,,,,,,
852,EMSLIMITED,Construction & Engineering,"3,604.23",-,-,-,0.09,9.09,23.65,4.5,,,,,,,,,
853,PARAS,Aerospace & Defense Equipments,"3,602.25",10.18,1.48,-,0.15,3.74,112.36,8.13,,,,,,,,,
854,CARERATING,Stock Exchanges & Ratings,"3,600.28",26.84,0.92,17.75,0.03,9.3,35.82,4.97,,,,,,,,,
855,JTLIND,Iron & Steel,"3,580.58",16.76,-,-,0.03,0.63,31.68,4.62,,,,,,,,,
856,PITTIENG,Industrial Machinery,"3,580.10",42.18,1.41,91.11,1.48,7.64,39.69,8.6,,,,,,,,,
857,POKARNA,Cement,"3,579.72",21.19,1.93,69.08,0.68,16.32,40.98,6.04,,,,,,,,,
858,INDIAGLYCO,Commodity Chemicals,"3,574.04",12.09,1.34,26.48,0.66,18.35,20.66,1.74,,,,,,,,,
859,GANECOS,Textiles,"3,560.55",27.38,1.68,30.64,0.38,11.74,87.72,3.38,,,,,,,,,
860,GREENPLY,Wood Products,"3,559.51",11.89,1.68,15.99,0.77,3.92,50.89,5.02,,,,,,,,,
861,TANFACIND,Diversified Chemicals,"3,557.53",70.05,1.79,97.71,0,34.89,67.78,15.44,,,,,,,,,
862,DATAMATICS,IT Services & Consulting,"3,554.95",24.36,1.24,54.87,0.01,12.58,17.94,2.91,,,,,,,,,
863,APOLLO,Electronic Equipments,"3,547.62",81.02,1.35,68.39,0.4,0.6,114,6.83,,,,,,,,,
864,AARTIDRUGS,Pharmaceuticals,"3,542.19",-7.81,1.16,18.19,0.44,4.06,20.66,2.76,,,,,,,,,
865,ROSSARI,Specialty Chemicals,"3,528.89",-18.83,1.11,-,0.11,5.73,27,3.37,,,,,,,,,
866,FEDFINA,Diversified Financials,"3,492.91",-,-,-,3.69,0.5,14.27,1.54,,,,,,,,,
867,IMFA,Iron & Steel,"3,490.56",18.66,1.07,44.4,0.09,17.3,8.85,1.64,,,,,,,,,
868,DPABHUSHAN,"Precious Metals, Jewellery & Watches","3,485.02",49.97,-0.03,-,0.72,16.6,56.34,14.6,,,,,,,,,
869,UFLEX,Packaging,"3,481.68",-5.65,1.44,16.21,0.96,18.95,-5.04,0.48,,,,,,,,,
870,DCBBANK,Private Banks,"3,478.70",8.79,1.4,-8.26,0,4.83,6.49,0.69,,,,,,,,,
871,KINGFA,Commodity Chemicals,"3,468.38",29.86,1.27,34.87,0.06,28.59,28.31,5.89,,,,,,,,,
872,DCAL,Labs & Life Sciences Services,"3,462.71",9.37,1.81,18.95,0.41,0.3,-22.57,0.62,,,,,,,,,
873,PARKHOTELS,"Hotels, Resorts & Cruise Lines","3,461.14",-,-,-,0.08,1.51,50.31,2.89,,,,,,,,,
874,SWARAJENG,Tractors,"3,456.38",19.55,0.71,17.59,0,26.3,25.07,9.38,,,,,,,,,
875,RBA,Restaurants & Cafes,"3,437.78",-19.79,0.72,-,2.27,-1.01,-15.77,5.47,,,,,,,,,
876,NPST,Software Services,"3,415.05",165.56,0.69,-,0,2.65,127.9,58.53,,,,,,,,,
877,CYIENTDLM,Industrial Machinery,"3,414.92",-,-,-,0.21,1.39,55.8,3.76,,,,,,,,,
878,MEDIASSIST,Insurance,"3,414.21",-,-,-,0.05,4.2,51,7.09,,,,,,,,,
879,ORISSAMINE,Mining - Diversified,"3,403.35",23.07,1.78,20.31,-,-12.49,"1,206.86",-316.89,,,,,,,,,
880,GATEWAY,Logistics,"3,400.58",-3.98,-,-,0.26,9.11,13.27,1.75,,,,,,,,,
881,MSTCLTD,Commodities Trading,"3,395.74",10.45,1.54,19.93,0.16,35.63,16.62,3.82,,,,,,,,,
882,INDOSTAR,Consumer Finance,"3,385.93",6.62,0.53,-2.44,2.34,2.03,29.23,1.05,,,,,,,,,
883,SAMHI,"Hotels, Resorts & Cruise Lines","3,376.05",-,-,-,2.04,1.04,-14.39,3.25,,,,,,,,,
884,TEAMLEASE,Employment Services,"3,366.82",-23.54,1.15,-4.05,0.13,16.95,30.02,4.15,,,,,,,,,
885,ARVSMART,Real Estate,"3,363.51",38.34,0.96,53.53,0.18,10.49,80.91,5.37,,,,,,,,,
886,SHANTIGEAR,Auto Parts,"3,362.84",22.55,1.07,36.34,0,3.43,40.89,9.74,,,,,,,,,
887,KSL,Iron & Steel,"3,359.98",31.97,1.29,27.11,0.35,12.93,13.51,2,,,,,,,,,
888,JAYNECOIND,Iron & Steel,"3,319.84",16.39,2.06,57.3,1.42,0.79,15.81,1.47,,,,,,,,,
889,JASH,Construction & Engineering,"3,302.37",57.1,0.71,70.48,0.23,5.54,49.47,9.4,,,,,,,,,
890,JTEKTINDIA,Auto Parts,"3,302.09",13.55,1.62,10.63,0.14,0.64,30.89,4.02,,,,,,,,,
891,ELITECON,FMCG - Tobacco,"3,292.91",-,-,83.14,-,110.26,687.46,-47.45,,,,,,,,,
892,RAMKY,Construction & Engineering,"3,286.55",31.42,1.66,73.8,0.45,8.15,10.68,1.76,,,,,,,,,
893,PFOCUS,Animation,"3,278.86",12.27,1.69,18.67,6.26,-3.3,-8.11,4.22,,,,,,,,,
894,ADVENZYMES,Specialty Chemicals,"3,242.30",-7.13,0.5,12.42,0.03,3.36,24.32,2.36,,,,,,,,,
895,ALLCARGO,Logistics,"3,237.28",-24.96,1.63,8.65,0.7,0.1,21.63,1.24,,,,,,,,,
896,JINDALPOLY,Packaging,"3,222.24",-15.07,0.95,23.26,0.46,0.94,45.07,0.55,,,,,,,,,
897,NOCIL,Commodity Chemicals,"3,221.33",-8.45,1.2,14.83,0.01,0.77,24.22,1.9,,,,,,,,,
898,AXISCADES,Construction & Engineering,"3,211.59",73.53,1.73,65.52,0.54,3.5,97.91,5.43,,,,,,,,,
899,MAXVIL,Packaging,"3,181.05",48.67,1.29,33.28,0.26,0.21,181.57,2.57,,,,,,,,,
900,AJMERA,Real Estate,"3,158.96",27.53,1.47,50.62,0.81,9.05,30.72,3.18,,,,,,,,,
901,63MOONS,IT Services & Consulting,"3,150.39",41.99,1.36,46.65,0,-3.62,14.16,0.95,,,,,,,,,
902,BBL,Heavy Electrical Equipments,"3,135.09",33.26,1.2,47.29,0.08,35.94,23.85,1.68,,,,,,,,,
903,ATFL,Packaged Foods & Meats,"3,125.07",-1.4,1.16,3.42,0.08,1.61,300.2,6.25,,,,,,,,,
904,DEEPINDS,Oil & Gas - Equipment & Services,"3,110.40",56.34,1.29,-,0.1,6.81,25.12,2.04,,,,,,,,,
905,KIRIINDUS,Specialty Chemicals,"3,105.49",6.06,0.98,5.66,0.04,28.47,23.35,1.1,,,,,,,,,
906,KKCL,Apparel & Accessories,"3,081.57",26.96,1.14,20.53,0.03,3.99,20,4.56,,,,,,,,,
907,PRINCEPIPE,Building Products - Pipes,"3,052.59",-32.71,1.25,8.71,0.08,-1.85,16.73,1.98,,,,,,,,,
908,JAMNAAUTO,Auto Parts,"3,051.80",-14.3,1.06,14.02,0.19,1.1,14.86,3.38,,,,,,,,,
909,HUBTOWN,Real Estate,"3,051.38",58.62,1.74,81.13,0.79,1.62,-35.41,2.32,,,,,,,,,
910,VSTTILLERS,Tractors,"3,026.47",7.17,1.57,23.23,0,1.48,25,3.28,,,,,,,,,
911,SPECTRUM,Electrical Components & Equipments,"3,004.42",134.82,0.03,101.82,0.52,-,152.28,17.71,,,,,,,,,
912,VISHNU,Diversified Chemicals,"2,990.82",17.73,1.74,78.37,0.31,5.25,29.59,3.85,,,,,,,,,
913,FCL,Specialty Chemicals,"2,985.25",13.93,2.15,59.87,0.01,2.43,24.92,6.58,,,,,,,,,
914,AVANTEL,Communication & Networking,"2,970.00",-,-,93.02,0.11,0.83,56.52,18.1,,,,,,,,,
915,MTNL,Telecom Services,"2,961.63",29.99,1.62,38.88,-,-13.27,-0.91,-0.13,,,,,,,,,
916,SIYSIL,Textiles,"2,951.78",14.67,0.96,23.72,0.15,10.01,15.98,2.6,,,,,,,,,
917,UTKARSHBNK,Diversified Financials,"2,947.91",-,-,-,0,-1.53,5.92,0.99,,,,,,,,,
918,NAVNETEDUL,Publishing,"2,947.44",9.34,0.92,8.32,0.2,0.65,11.72,2.28,,,,,,,,,
919,ORIANA,Construction & Engineering,"2,939.37",-,-,-,1.23,-,54.09,19.77,,,,,,,,,
920,DCXINDIA,Cables,"2,921.67",-5.23,-,-,0.26,0.9,38.55,2.59,,,,,,,,,
921,BOMDYEING,Textiles,"2,921.64",7.43,1.23,11.6,0,3.39,0.99,1.58,,,,,,,,,
922,TECHNVISN,Software Services,"2,920.32",111.13,-0.04,87.65,1.01,2.17,215.68,191.62,,,,,,,,,
923,CAMLINFINE,Specialty Chemicals,"2,910.52",6.56,1.49,18.13,0.8,-0.23,-31.38,3.4,,,,,,,,,
924,GENESYS,IT Services & Consulting,"2,895.81",16.71,1.44,64.72,0.12,5.22,131.21,5.9,,,,,,,,,
925,SERVOTECH,Electrical Components & Equipments,"2,867.82",105.08,0.78,-,0.51,0.36,243.86,20.18,,,,,,,,,
926,ELCIDIN,Investment Banking & Brokerage,"2,866.74",-,-,604.66,0,-344.26,16.31,0.25,,,,,,,,,
927,ASHIANA,Real Estate,"2,855.91",17.2,1.33,22.49,0.19,1.11,34.24,3.71,,,,,,,,,
928,TAJGVK,"Hotels, Resorts & Cruise Lines","2,844.14",34.46,1,21.35,0.2,6.57,30.68,5.19,,,,,,,,,
929,MOREPENLAB,Pharmaceuticals,"2,836.21",10.33,1.51,29.61,0.03,0.49,29.49,3.35,,,,,,,,,
930,STYLAMIND,Construction & Engineering,"2,826.68",16.57,1.7,-,0,17.55,22.01,5.27,,,,,,,,,
931,SSWL,Auto Parts,"2,813.43",0.85,1.38,19.1,0.73,3.04,4.17,1.95,,,,,,,,,
932,SJS,Auto Parts,"2,809.91",25.25,-,-,0.15,8.83,33.14,5,,,,,,,,,
933,NORTHARC,Diversified Financials,"2,802.55",-,-,-,3.9,4.69,9.09,1.21,,,,,,,,,
934,KPEL,Renewable Energy,"2,800.31",-,-,86.03,0.6,3.96,47.75,15.44,,,,,,,,,
935,CEINSYSTECH,IT Services & Consulting,"2,795.64",87.96,0.26,74.33,0.04,10.21,79.85,11.94,,,,,,,,,
936,BALMLAWRIE,Conglomerates,"2,790.10",4.67,1.24,8.27,0.06,3.77,10.67,1.51,,,,,,,,,
937,RPSGVENT,Packaged Foods & Meats,"2,786.70",6,1.83,23.36,0.94,-18.13,-65.63,0.62,,,,,,,,,
938,MONARCH,Investment Banking & Brokerage,"2,786.54",48.2,-,-,0.33,5.16,22.63,8.06,,,,,,,,,
939,SOTL,Commodity Chemicals,"2,785.95",22.53,1.16,20.21,0,1.82,13.88,1.72,,,,,,,,,
940,CAPACITE,Construction & Engineering,"2,784.32",28.2,1.51,13.19,0.22,6.18,23.15,1.84,,,,,,,,,
941,WSTCSTPAPR,Paper Products,"2,774.71",13.39,1.38,13.89,0.07,9.72,4.01,0.73,,,,,,,,,
942,MAITHANALL,Iron & Steel,"2,770.26",-9.97,1.04,11.26,0.01,31.2,7.94,0.88,,,,,,,,,
943,BAJAJHIND,Sugar,"2,768.01",20.16,2.08,29.75,0.85,-0.82,-32.03,0.62,,,,,,,,,
944,PRAKASH,Iron & Steel,"2,754.10",28.37,1.65,29.21,0.12,4.68,7.91,0.91,,,,,,,,,
945,DALMIASUG,Sugar,"2,737.77",-5.99,1.69,25.01,0.49,7.35,10.05,0.93,,,,,,,,,
946,VENUSPIPES,Iron & Steel,"2,736.85",48.07,-,-,0.37,8.84,31.83,6.74,,,,,,,,,
947,VADILALIND,FMCG - Foods,"2,728.28",38.89,0.61,33.91,0.41,16.6,18.69,5.03,,,,,,,,,
948,SANATHAN,Textiles,"2,713.17",-,-,-,0.3,4.67,20.27,2.13,,,,,,,,,
949,ARKADE,Real Estate,"2,712.36",-,-,-,0.22,3.04,22.08,8.38,,,,,,,,,
950,MBAPL,Fertilizers & Agro Chemicals,"2,711.62",59.34,0.14,78.66,0.83,2.04,109.16,7.73,,,,,,,,,
951,SGLTL,Specialty Chemicals,"2,694.73",-,-,-,0.32,8.25,46.17,6.59,,,,,,,,,
952,TCIEXP,Logistics,"2,691.97",-32.56,1.32,-5.15,0.01,5,20.44,3.82,,,,,,,,,
953,HGS,Outsourced services,"2,672.59",-30.55,1.29,5.29,0.28,-0.57,20.07,0.35,,,,,,,,,
954,HINDOILEXP,Oil & Gas - Exploration & Production,"2,672.37",3.47,1.81,17.33,0.15,3.28,11.8,2.28,,,,,,,,,
955,GUJTHEM,Pharmaceuticals,"2,663.11",56.13,1.35,78.5,0.01,1.19,45.02,13.22,,,,,,,,,
956,NSIL,Asset Management,"2,658.02",38.23,0.83,47.69,0,15.93,47.25,0.21,,,,,,,,,
957,GIPCL,Power Generation,"2,649.62",22.79,1.05,20.31,0.19,2.59,13.35,0.8,,,,,,,,,
958,SETFGOLD,Gold,"2,644.09",9.91,-0.08,14.7,-,-,-,-,,,,,,,,,
959,SOLARA,Pharmaceuticals,"2,642.15",-9.47,1.53,-4.83,1.08,2.03,-4.66,2.82,,,,,,,,,
960,ADFFOODS,Packaged Foods & Meats,"2,641.12",12.52,1.01,31.94,0.13,1.71,35.08,5.98,,,,,,,,,
961,DELTACORP,Theme Parks & Gaming,"2,640.49",-35.55,1.66,-8.8,0.02,1.33,10.81,1.05,,,,,,,,,
962,BFUTILITIE,Renewable Energy,"2,629.77",26.34,1.14,17.4,1.69,10.39,17.84,3.68,,,,,,,,,
963,STOVEKRAFT,Home Electronics & Appliances,"2,612.16",6.78,1.38,-,0.58,3.67,76.51,5.95,,,,,,,,,
964,BEPL,Commodity Chemicals,"2,607.79",6.1,1.59,28.42,0,1.64,14.54,2.83,,,,,,,,,
965,SBCL,Iron & Steel,"2,594.49",15.21,1.48,-,0.12,3.17,30.79,7.6,,,,,,,,,
966,SENORES,Pharmaceuticals,"2,589.82",-,-,-,1.11,5.04,82.37,11.18,,,,,,,,,
967,VEEDOL,Commodity Chemicals,"2,583.73",-2.16,1.14,9.48,0,21.97,18.08,3.12,,,,,,,,,
968,ALEMBICLTD,Pharmaceuticals,"2,582.45",0.67,1.41,13.63,0,2.55,9.61,1.18,,,,,,,,,
969,LIQUIDBEES,Debt,"2,580.84",0,0,0,-,-,-,-,,,,,,,,,
970,PRECWIRE,Electrical Components & Equipments,"2,579.46",23.86,1.57,50.5,0.19,1.06,35.4,5.09,,,,,,,,,
971,SASKEN,Software Services,"2,572.16",17.18,1,24.12,0.01,6,32.68,3.28,,,,,,,,,
972,XPROINDIA,Plastic Products,"2,571.35",19.54,1.26,136.3,0.07,3.37,58.6,4.59,,,,,,,,,
973,INTERARCH,Building Products - Prefab Structures,"2,566.62",-,-,-,0.03,16.94,29.76,5.77,,,,,,,,,
974,AUTOAXLES,Auto Parts,"2,565.11",-3.28,1.4,18.05,0.02,26.2,15.44,2.93,,,,,,,,,
975,SUVEN,Pharmaceuticals,"2,564.55",9.97,2.71,18.92,0,-1.79,-24.41,9.5,,,,,,,,,
976,HPL,Electrical Components & Equipments,"2,558.84",60.63,1.65,60.73,0.71,2.81,58.73,3.01,,,,,,,,,
977,DIAMONDYD,Packaged Foods & Meats,"2,544.19",13.16,0.65,7.49,0.11,-15.89,47.88,3.49,,,,,,,,,
978,AEROFLEX,Iron & Steel,"2,528.60",-,-,-,0,1.18,60.58,8.63,,,,,,,,,
979,RPEL,Specialty Chemicals,"2,519.74",-,-,79.58,0.06,2.14,96.99,15.93,,,,,,,,,
980,SAGCEM,Cement,"2,512.85",-12.8,1.1,13.4,0.72,-4.17,-57.95,1.24,,,,,,,,,
981,HATHWAY,Cable & D2H,"2,508.24",-12.87,1.34,-8.95,0,0.08,25.26,0.58,,,,,,,,,
982,KCP,Cement,"2,504.16",11.64,1.06,26.11,0.27,1.24,13.28,1.41,,,,,,,,,
983,ORIENTHOT,"Hotels, Resorts & Cruise Lines","2,501.28",28.87,1.14,38.58,0.33,0.86,50.37,4.04,,,,,,,,,
984,GLOBUSSPR,Alcoholic Beverages,"2,483.15",-16.3,1.26,42.83,0.34,0.14,25.73,2.55,,,,,,,,,
985,PSPPROJECT,Construction & Engineering,"2,478.21",5.68,0.9,3.84,0.5,1.28,20.15,2.71,,,,,,,,,
986,WEL,Home Electronics & Appliances,"2,477.27",87.86,0.22,-,0.73,0.38,244.07,28.19,,,,,,,,,
987,ZOTA,Pharmaceuticals,"2,469.06",38.83,0.85,36.65,1.06,-6.8,-172.06,27.44,,,,,,,,,
988,NILKAMAL,Plastic Products,"2,446.55",-13.64,0.97,1.84,0.29,14.4,20.01,1.73,,,,,,,,,
989,RAMRAT,Electrical Components & Equipments,"2,426.27",63,-,-,0.58,3.74,46.44,5.62,,,,,,,,,
990,MOBIKWIK,Payment Infrastructure,"2,418.76",-,-,-,1.37,-9.48,172.03,14.88,,,,,,,,,
991,LAOPALA,Housewares,"2,410.36",-17.64,1.28,0.54,0.01,2.09,18.87,2.83,,,,,,,,,
992,SULA,Alcoholic Beverages,"2,409.47",-8.7,-,-,0.59,3.32,25.82,4.38,,,,,,,,,
993,SINDHUTRAD,Logistics,"2,400.78",-,-,52.3,0.47,-0.03,42.22,1.1,,,,,,,,,
994,EFCIL,Real Estate,"2,380.82",145.11,-,106.82,0.94,4.07,41.06,5.52,,,,,,,,,
995,JINDRILL,Oil & Gas - Equipment & Services,"2,379.93",51.27,1.34,54.17,0.22,22.76,46.53,1.75,,,,,,,,,
996,SDBL,Alcoholic Beverages,"2,377.99",65.98,1.24,41.42,0.28,1.1,27.49,4.01,,,,,,,,,
997,FLAIR,Stationery,"2,372.98",-,-,-,0.08,2.78,19.95,2.64,,,,,,,,,
998,RAJOOENG,Industrial Machinery,"2,363.19",97.93,1.32,104.36,0.01,0.54,112.43,18.66,,,,,,,,,
999,MARINE,Electrical Components & Equipments,"2,359.98",64.28,0.69,-,0.34,0.39,83.19,10.59,,,,,,,,,
1000,TIRUMALCHM,Commodity Chemicals,"2,355.64",-5.45,1.75,29.43,1.09,-4.1,-60.73,2.06,,,,,,,,,
1001,KRSNAA,Hospitals & Diagnostic Centres,"2,350.05",12.47,0.07,-,0.2,6.01,41.35,2.9,,,,,,,,,
1002,PENIND,Iron & Steel,"2,343.34",54.58,1.2,47.53,0.9,2.25,23.83,2.67,,,,,,,,,
1003,SHK,Specialty Chemicals,"2,342.63",4.15,0.76,8.11,0.55,1.27,19.14,1.93,,,,,,,,,
1004,SEPC,Construction & Engineering,"2,335.94",34.81,1.26,31.7,0.38,0.03,102.54,1.93,,,,,,,,,
1005,SEAMECLTD,Oil & Gas - Equipment & Services,"2,335.54",-4.59,1.58,16.13,0.36,-1.31,19.51,2.56,,,,,,,,,
1006,VENKEYS,Packaged Foods & Meats,"2,335.54",-8.45,1.37,2.34,0.13,14.47,29.53,1.7,,,,,,,,,
1007,SCILAL,Real Estate,"2,332.72",-,-,-,0,0.22,49.12,0.72,,,,,,,,,
1008,MARATHON,Real Estate,"2,330.23",51.97,1.79,39,0.76,9.58,14,2.31,,,,,,,,,
1009,DDEVPLSTIK,Plastic Products,"2,313.22",-,-,-,0.1,4.5,12.73,3.51,,,,,,,,,
1010,SANDHAR,Auto Parts,"2,311.02",17.08,1.49,7.45,0.73,4.97,21.05,2.27,,,,,,,,,
1011,TASTYBITE,Packaged Foods & Meats,"2,302.52",-7.7,1.03,-6.11,0.3,50.78,55.46,8.03,,,,,,,,,
1012,KALAMANDIR,Textiles,"2,299.99",-,-,-,0.44,3.12,22.8,2.16,,,,,,,,,
1013,VIDHIING,Commodity Chemicals,"2,296.97",5.12,0.93,47.67,0.07,2.55,63.02,8.2,,,,,,,,,
1014,EVEREADY,Batteries,"2,287.83",-5.85,1.42,36.2,0.79,1.8,34.26,5.92,,,,,,,,,
1015,WINDMACHIN,Industrial Machinery,"2,285.14",72.32,1.75,70.54,0.13,6.42,-297.16,8.23,,,,,,,,,
1016,NUCLEUS,Software Services,"2,280.03",23.62,0.89,23.59,0.01,13.28,11.9,2.93,,,,,,,,,
1017,HITECH,Building Products - Pipes,"2,274.60",20.59,1.49,45.36,0.7,1.08,51.78,3.95,,,,,,,,,
1018,SAKSOFT,IT Services & Consulting,"2,274.59",28.2,1.05,61.67,0.05,2.12,23.65,4.5,,,,,,,,,
1019,FOSECOIND,Specialty Chemicals,"2,272.53",29.12,0.8,20.44,0,29.95,31.13,7.93,,,,,,,,,
1020,PFS,Specialized Finance,"2,269.19",20.81,1.68,22.04,1.55,1.05,14.12,0.89,,,,,,,,,
1021,DCW,Commodity Chemicals,"2,261.77",18.02,1.43,36.37,0.43,0.45,144.43,2.19,,,,,,,,,
1022,MUTHOOTMF,Specialized Finance,"2,258.80",-,-,-,3.04,0.22,5.02,0.81,,,,,,,,,
1023,MARSONS,Heavy Electrical Equipments,"2,240.74",125.76,-1.18,131.69,0.63,0.37,"3,614.10",157.58,,,,,,,,,
1024,GOODLUCK,Iron & Steel,"2,225.40",23.83,1.25,71.25,0.53,12.12,16.87,1.93,,,,,,,,,
1025,DOLLAR,Apparel & Accessories,"2,223.27",-11.31,1.34,19.49,0.41,3.52,24.65,2.84,,,,,,,,,
1026,BAJAJCON,FMCG - Personal Products,"2,214.36",-2.91,1.05,-4.07,0.01,1.82,14.24,2.67,,,,,,,,,
1027,KPGEL,Construction & Engineering,"2,208.50",-,-,-,0.14,-,62.4,8.28,,,,,,,,,
1028,INDOTHAI,Investment Banking & Brokerage,"2,204.11",73.99,0.99,142.62,0.08,0.9,138.36,29.37,,,,,,,,,
1029,GENSOL,Construction & Engineering,"2,201.29",-,-,94.58,4.82,4.46,36.97,7.03,,,,,,,,,
1030,VPRPL,Construction & Engineering,"2,192.49",-,-,-,0.55,0.31,17.94,3.04,,,,,,,,,
1031,AFCOM,Airlines,"2,190.83",-,-,-,0.18,-,86.05,21.22,,,,,,,,,
1032,GEOJITFSL,Investment Banking & Brokerage,"2,189.23",7.62,1.28,25.67,0.44,1.31,15.11,2.4,,,,,,,,,
1033,SHALBY,Hospitals & Diagnostic Centres,"2,188.16",12.1,1.57,16.56,0.37,-0.28,26.03,2.17,,,,,,,,,
1034,JYOTISTRUC,Power Transmission & Distribution,"2,181.67",12.84,0.83,65.38,-,0.12,75.62,-85.52,,,,,,,,,
1035,NIFTYIETF,Equity,"2,180.65",2.28,0.99,14.8,-,-,-,-,,,,,,,,,
1036,TVSSRICHAK,Tires & Rubber,"2,172.00",9.99,1.1,12.21,0.76,-7.79,20.12,1.95,,,,,,,,,
1037,SANGHVIMOV,Business Support Services,"2,168.73",32.2,1.49,35.45,0.29,3.82,11.54,2.14,,,,,,,,,
1038,YASHO,Specialty Chemicals,"2,166.42",-,-,67.57,1.96,-0.72,37.39,7.35,,,,,,,,,
1039,NRBBEARING,Industrial Machinery,"2,166.22",18.34,1.28,18.45,0.2,2.2,9.05,2.47,,,,,,,,,
1040,HONDAPOWER,Industrial Machinery,"2,159.87",20.23,0.89,12.61,0,18.82,23.42,2.66,,,,,,,,,
1041,INDOCO,Pharmaceuticals,"2,158.80",-23.74,0.76,-2.59,0.61,-3.08,21.92,1.94,,,,,,,,,
1042,INDOTECH,Heavy Electrical Equipments,"2,151.29",87.05,0.81,77.72,0.02,18.15,45.91,9.91,,,,,,,,,
1043,CANTABIL,Apparel & Accessories,"2,141.55",14.43,1.13,30.4,1.03,4.11,34.42,6.56,,,,,,,,,
1044,LUMAXIND,Auto Parts,"2,140.12",25.37,1.02,9,1.08,35.82,19.28,3.19,,,,,,,,,
1045,UDS,Business Support Services,"2,136.14",-,-,-,0.12,4.61,31.44,2.52,,,,,,,,,
1046,REPCOHOME,Consumer Finance,"2,135.22",14.25,1.94,2.06,3.58,18.09,5.13,0.72,,,,,,,,,
1047,MAYURUNIQ,Textiles,"2,130.48",3.97,1.3,12.23,0.02,7.05,17.4,2.46,,,,,,,,,
1048,ASALCBR,Alcoholic Beverages,"2,130.36",29.93,0.73,35.68,0.26,14.43,42.07,5.04,,,,,,,,,
1049,ASHIKA,IT Services & Consulting,"2,125.52",166.35,-,79.97,0.37,-10.79,198.28,31.22,,,,,,,,,
1050,PANAMAPET,Specialty Chemicals,"2,121.81",8.57,2.02,43.13,0.02,8.02,10.87,1.92,,,,,,,,,
1051,EIHAHOTELS,"Hotels, Resorts & Cruise Lines","2,108.70",17.28,0.81,18.69,0.01,6.55,26.03,4.56,,,,,,,,,
1052,VIMTALABS,Labs & Life Sciences Services,"2,103.94",40.87,1,56.21,0.06,9.65,51.3,6.58,,,,,,,,,
1053,GTLINFRA,Telecom Infrastructure,"2,100.69",-0.52,2.03,32.6,-,-0.16,-3.08,-0.41,,,,,,,,,
1054,DISAQ,Industrial Machinery,"2,094.15",24.55,0.86,26.17,0.01,68.91,48.84,8.52,,,,,,,,,
1055,JISLDVREQS,Agricultural & Farm Machinery,"2,091.93",31.21,1.93,39.86,-,0.24,-,-,,,,,,,,,
1056,WENDT,Industrial Machinery,"2,082.44",22.24,0.77,30.51,0,41.1,50.85,9.82,,,,,,,,,
1057,KOLTEPATIL,Real Estate,"2,069.98",-5.53,1.57,3.66,1.52,3.33,-29.85,2.81,,,,,,,,,
1058,NOVARTIND,Pharmaceuticals,"2,064.15",7.41,0.66,-,0.01,10.31,24.23,2.77,,,,,,,,,
1059,BAJEL,Construction & Engineering,"2,054.80",-,-,-,0.03,0.13,478.97,3.63,,,,,,,,,
1060,EXICOM,Electronic Equipments,"2,046.53",-,-,-,0.06,-4.05,32.02,2.84,,,,,,,,,
1061,PRECAM,Auto Parts,"2,040.30",16.12,1.2,40.78,0.15,-0.67,50.56,2.73,,,,,,,,,
1062,SPANDANA,Consumer Finance,"2,038.26",-13.93,1.12,-23.6,2.59,-61.73,4.07,0.56,,,,,,,,,
1063,GOODYEAR,Tires & Rubber,"2,022.70",-2.87,0.91,-,0.01,4.11,21.33,3.48,,,,,,,,,
1064,WELSPLSOL,Iron & Steel,"2,016.46",28.6,0.95,31.29,2.16,-0.07,32.28,18.04,,,,,,,,,
1065,RAMCOIND,Cement,"2,016.14",-2.73,1.07,4.9,0.06,10.27,19.07,0.5,,,,,,,,,
1066,MAHLOG,Logistics,"2,014.27",-22.14,1.26,-7.76,1.47,-1.25,-36.8,3.99,,,,,,,,,
1067,RAJRATAN,Iron & Steel,"2,012.82",-6.99,0.51,-,0.39,1.83,28.02,4.09,,,,,,,,,
1068,ACCELYA,Software Services,"2,006.16",8,0.74,4.57,0.12,21.68,21.38,7.09,,,,,,,,,
1069,FINOPB,Private Banks,"2,005.46",0,-,-,0,2.78,23.26,3.12,,,,,,,,,
1070,MANGLMCEM,Cement,"2,004.28",17.03,1.35,21.22,0.75,2.84,33.56,2.47,,,,,,,,,
1071,IOLCP,Commodity Chemicals,"2,003.03",-3.83,1.62,7.68,0.02,3.5,14.9,1.24,,,,,,,,,
1072,THEJO,Construction & Engineering,"2,002.83",16.53,0.46,56.99,0.16,12.14,36,7.35,,,,,,,,,
1073,CONFIPET,Oil & Gas - Storage & Transportation,"2,001.75",-7.6,1.52,18.49,0.5,0.92,19.75,1.58,,,,,,,,,
1074,PIXTRANS,Industrial Machinery,"2,001.27",9.35,-,-,0.09,16.33,24.11,4.06,,,,,,,,,
1075,AGIIL,Real Estate,"2,000.37",-,-,96,0.61,7.8,38.4,8.9,,,,,,,,,
1076,CARRARO,Agricultural & Farm Machinery,"1,999.47",-,-,-,0.58,2.58,31.97,5.41,,,,,,,,,
1077,JUBLCPL,Agro Products,"1,989.76",-,-,-,0.62,14.16,77.45,8.65,,,,,,,,,
1078,BAJAJHCARE,Pharmaceuticals,"1,989.11",18.9,-,-,1.2,3.65,-23.74,7.15,,,,,,,,,
1079,PANACEABIO,Biotechnology,"1,984.52",20.13,0.93,22.78,0.02,0.74,"-1,696.17",2.35,,,,,,,,,
1080,GOLD1,Gold,"1,984.14",10.41,-0.03,14.66,-,-,-,-,,,,,,,,,
1081,LAXMIDENTL,Health Care Equipment & Supplies,"1,981.11",-,-,-,1.12,0.88,79.92,44.45,,,,,,,,,
1082,PREMEXPLN,Commodity Chemicals,"1,968.73",70.87,1.77,71.27,0.28,1.71,69.42,8.89,,,,,,,,,
1083,PARACABLES,Cables,"1,953.74",70.12,-0.1,55.26,0.16,0.74,22.82,3.12,,,,,,,,,
1084,MOTISONS,"Precious Metals, Jewellery & Watches","1,953.17",-,-,-,0.34,0.25,60.6,5.95,,,,,,,,,
1085,DRAGARWQ,Hospitals & Diagnostic Centres,"1,947.61",61.48,0.6,69.92,1.71,22.13,42.01,12.39,,,,,,,,,
1086,LANDMARK,Retail - Speciality,"1,946.09",-4.1,-,-,1.16,2.75,34.75,3.59,,,,,,,,,
1087,RELTD,Electrical Components & Equipments,"1,937.49",-,-,33.9,0.9,0.14,-37.56,11.73,,,,,,,,,
1088,JAICORPLTD,Textiles,"1,933.36",-1.56,1.4,1.71,0,0.7,36.81,1.28,,,,,,,,,
1089,RPTECH,Technology Hardware,"1,928.88",-,-,-,0.45,4.83,13.66,1.24,,,,,,,,,
1090,JNKINDIA,Construction & Engineering,"1,928.01",-,-,-,0.34,0.52,30.78,9.87,,,,,,,,,
1091,QUICKHEAL,IT Services & Consulting,"1,926.88",23.81,1.12,22.72,0,0.02,79.49,4.41,,,,,,,,,
1092,UNITECH,Real Estate,"1,917.75",40.94,2.22,21.22,-,-2.21,-0.58,-0.39,,,,,,,,,
1093,SGFIN,Specialized Finance,"1,916.36",78.49,0.08,161.57,1.19,4.24,24.38,2.38,,,,,,,,,
1094,TINNARUBR,Tires & Rubber,"1,915.76",84.48,2.12,159.25,0.67,4.76,47.55,14.99,,,,,,,,,
1095,IGARASHI,Auto Parts,"1,908.80",13.12,1.41,12.1,0.31,1.64,199.67,4.27,,,,,,,,,
1096,HDFCGOLD,Gold,"1,906.09",9.87,-0.04,14.81,-,-,-,-,,,,,,,,,
1097,GOLDIETF,Gold,"1,905.05",10.04,-0.03,14.55,-,-,-,-,,,,,,,,,
1098,JUNIORBEES,Equity,"1,901.11",3.77,0.91,16.74,-,-,-,-,,,,,,,,,
1099,SESHAPAPER,Paper Products,"1,900.56",18.51,1.14,13.75,0.01,2.76,7.02,0.99,,,,,,,,,
1100,NELCO,Communication & Networking,"1,899.40",2.19,1.56,28.64,0.46,2.17,80.25,15.37,,,,,,,,,
1101,UNIVCABLES,Cables,"1,895.24",41.42,1.29,29.1,0.43,4.56,17.51,1.07,,,,,,,,,
1102,SPAL,Apparel & Accessories,"1,879.44",21.91,1.53,34.93,0.27,9.86,20.97,2.48,,,,,,,,,
1103,QUADFUTURE,Communication & Networking,"1,878.60",-,-,-,1.85,-2.81,127.71,42.59,,,,,,,,,
1104,PARAGMILK,FMCG - Foods,"1,867.98",14.96,1.2,8.56,0.71,3.03,20.62,2.05,,,,,,,,,
1105,POCL,Metals - Lead,"1,866.26",-,-,67.77,0.29,5.03,58.52,5.22,,,,,,,,,
1106,FMGOETZE,Auto Parts,"1,866.18",6.18,0.72,-9.58,0.01,5.2,14.71,1.58,,,,,,,,,
1107,SBGLP,Real Estate,"1,861.11",80.96,-,-,0.64,0.01,66.97,31.43,,,,,,,,,
1108,SALASAR,Iron & Steel,"1,852.82",32.85,0.89,53.97,0.78,0.07,34.99,4.11,,,,,,,,,
1109,CUPID,FMCG - Personal Products,"1,836.89",66.49,0.77,42.52,0.04,0.41,46.08,6.1,,,,,,,,,
1110,KLBRENG-B,Industrial Machinery,"1,833.98",78.43,0.74,76.81,0.33,3.46,36.29,7.21,,,,,,,,,
1111,RANEHOLDIN,Auto Parts,"1,830.34",23.62,1.58,13.13,0.73,2.27,14.79,1.57,,,,,,,,,
1112,AURUM,IT Services & Consulting,"1,829.03",27.69,0.97,-9.69,1.7,-1.18,-32.81,9.73,,,,,,,,,
1113,MOL,Commodity Chemicals,"1,828.01",-11.61,0.7,-,0.55,-0.17,-17.24,1.2,,,,,,,,,
1114,SMSPHARMA,Pharmaceuticals,"1,815.62",26.81,1.77,40.02,0.52,2.15,36.44,3.39,,,,,,,,,
1115,NITINSPIN,Textiles,"1,814.78",3.23,1.02,44.63,1.17,7.96,13.8,1.58,,,,,,,,,
1116,HLEGLAS,Industrial Machinery,"1,811.77",-51.27,1.73,-,0.78,1.51,61.02,3.65,,,,,,,,,
1117,SOMANYCERA,Building Products - Ceramics,"1,797.04",-20.3,1.59,16.98,0.44,2.26,18.55,2.14,,,,,,,,,
1118,KMEW,Marine Transportation,"1,792.21",-,-,-,0.35,14.77,46.05,10.56,,,,,,,,,
1119,VERANDA,Education Services,"1,784.77",28.19,-,-,1.55,-27.15,-22.39,4.73,,,,,,,,,
1120,CROPSTER,Agro Products,"1,775.76",-,-,91.85,0,0.41,166.74,30.33,,,,,,,,,
